"BFS_NR","GEBIET_NAME","INDIKATOR_JAHR","INDIKATOR_VALUE","EINHEIT_LANG","column13"
"1","Aeugst a.A.","2010","606","Anzahl",""
"1","Aeugst a.A.","2011","604","Anzahl",""
"1","Aeugst a.A.","2012","593","Anzahl",""
"1","Aeugst a.A.","2013","591","Anzahl",""
"1","Aeugst a.A.","2014","590","Anzahl",""
"1","Aeugst a.A.","2015","601","Anzahl",""
"1","Aeugst a.A.","2016","592","Anzahl",""
"2","Affoltern a.A.","2010","496","Anzahl",""
"2","Affoltern a.A.","2011","498","Anzahl",""
"2","Affoltern a.A.","2012","515","Anzahl",""
"2","Affoltern a.A.","2013","516","Anzahl",""
"2","Affoltern a.A.","2014","518","Anzahl",""
"2","Affoltern a.A.","2015","525","Anzahl",""
"2","Affoltern a.A.","2016","521","Anzahl",""
"3","Bonstetten","2010","504","Anzahl",""
"3","Bonstetten","2011","500","Anzahl",""
"3","Bonstetten","2012","507","Anzahl",""
"3","Bonstetten","2013","505","Anzahl",""
"3","Bonstetten","2014","502","Anzahl",""
"3","Bonstetten","2015","505","Anzahl",""
"3","Bonstetten","2016","513","Anzahl",""
"4","Hausen a.A.","2010","548","Anzahl",""
"4","Hausen a.A.","2011","545","Anzahl",""
"4","Hausen a.A.","2012","562","Anzahl",""
"4","Hausen a.A.","2013","566","Anzahl",""
"4","Hausen a.A.","2014","576","Anzahl",""
"4","Hausen a.A.","2015","576","Anzahl",""
"4","Hausen a.A.","2016","582","Anzahl",""
"5","Hedingen","2010","498","Anzahl",""
"5","Hedingen","2011","510","Anzahl",""
"5","Hedingen","2012","523","Anzahl",""
"5","Hedingen","2013","527","Anzahl",""
"5","Hedingen","2014","523","Anzahl",""
"5","Hedingen","2015","522","Anzahl",""
"5","Hedingen","2016","528","Anzahl",""
"6","Kappel a.A.","2010","549","Anzahl",""
"6","Kappel a.A.","2011","547","Anzahl",""
"6","Kappel a.A.","2012","554","Anzahl",""
"6","Kappel a.A.","2013","582","Anzahl",""
"6","Kappel a.A.","2014","591","Anzahl",""
"6","Kappel a.A.","2015","576","Anzahl",""
"6","Kappel a.A.","2016","577","Anzahl",""
"7","Knonau","2010","475","Anzahl",""
"7","Knonau","2011","479","Anzahl",""
"7","Knonau","2012","502","Anzahl",""
"7","Knonau","2013","492","Anzahl",""
"7","Knonau","2014","497","Anzahl",""
"7","Knonau","2015","512","Anzahl",""
"7","Knonau","2016","504","Anzahl",""
"8","Maschwanden","2010","556","Anzahl",""
"8","Maschwanden","2011","574","Anzahl",""
"8","Maschwanden","2012","565","Anzahl",""
"8","Maschwanden","2013","588","Anzahl",""
"8","Maschwanden","2014","583","Anzahl",""
"8","Maschwanden","2015","578","Anzahl",""
"8","Maschwanden","2016","572","Anzahl",""
"9","Mettmenstetten","2010","517","Anzahl",""
"9","Mettmenstetten","2011","536","Anzahl",""
"9","Mettmenstetten","2012","551","Anzahl",""
"9","Mettmenstetten","2013","548","Anzahl",""
"9","Mettmenstetten","2014","554","Anzahl",""
"9","Mettmenstetten","2015","562","Anzahl",""
"9","Mettmenstetten","2016","557","Anzahl",""
"10","Obfelden","2010","545","Anzahl",""
"10","Obfelden","2011","552","Anzahl",""
"10","Obfelden","2012","559","Anzahl",""
"10","Obfelden","2013","560","Anzahl",""
"10","Obfelden","2014","562","Anzahl",""
"10","Obfelden","2015","566","Anzahl",""
"10","Obfelden","2016","577","Anzahl",""
"11","Ottenbach","2010","583","Anzahl",""
"11","Ottenbach","2011","590","Anzahl",""
"11","Ottenbach","2012","590","Anzahl",""
"11","Ottenbach","2013","593","Anzahl",""
"11","Ottenbach","2014","608","Anzahl",""
"11","Ottenbach","2015","614","Anzahl",""
"11","Ottenbach","2016","615","Anzahl",""
"12","Rifferswil","2010","527","Anzahl",""
"12","Rifferswil","2011","523","Anzahl",""
"12","Rifferswil","2012","550","Anzahl",""
"12","Rifferswil","2013","557","Anzahl",""
"12","Rifferswil","2014","558","Anzahl",""
"12","Rifferswil","2015","561","Anzahl",""
"12","Rifferswil","2016","535","Anzahl",""
"13","Stallikon","2010","654","Anzahl",""
"13","Stallikon","2011","641","Anzahl",""
"13","Stallikon","2012","646","Anzahl",""
"13","Stallikon","2013","644","Anzahl",""
"13","Stallikon","2014","626","Anzahl",""
"13","Stallikon","2015","633","Anzahl",""
"13","Stallikon","2016","615","Anzahl",""
"14","Wettswil a.A.","2010","588","Anzahl",""
"14","Wettswil a.A.","2011","584","Anzahl",""
"14","Wettswil a.A.","2012","596","Anzahl",""
"14","Wettswil a.A.","2013","601","Anzahl",""
"14","Wettswil a.A.","2014","596","Anzahl",""
"14","Wettswil a.A.","2015","605","Anzahl",""
"14","Wettswil a.A.","2016","598","Anzahl",""
"21","Adlikon","2010","660","Anzahl",""
"21","Adlikon","2011","681","Anzahl",""
"21","Adlikon","2012","661","Anzahl",""
"21","Adlikon","2013","710","Anzahl",""
"21","Adlikon","2014","710","Anzahl",""
"21","Adlikon","2015","759","Anzahl",""
"21","Adlikon","2016","705","Anzahl",""
"22","Benken","2010","599","Anzahl",""
"22","Benken","2011","578","Anzahl",""
"22","Benken","2012","624","Anzahl",""
"22","Benken","2013","657","Anzahl",""
"22","Benken","2014","624","Anzahl",""
"22","Benken","2015","635","Anzahl",""
"22","Benken","2016","623","Anzahl",""
"23","Berg a.I.","2010","636","Anzahl",""
"23","Berg a.I.","2011","663","Anzahl",""
"23","Berg a.I.","2012","683","Anzahl",""
"23","Berg a.I.","2013","685","Anzahl",""
"23","Berg a.I.","2014","694","Anzahl",""
"23","Berg a.I.","2015","696","Anzahl",""
"23","Berg a.I.","2016","714","Anzahl",""
"24","Buch a.I.","2010","623","Anzahl",""
"24","Buch a.I.","2011","609","Anzahl",""
"24","Buch a.I.","2012","598","Anzahl",""
"24","Buch a.I.","2013","630","Anzahl",""
"24","Buch a.I.","2014","627","Anzahl",""
"24","Buch a.I.","2015","657","Anzahl",""
"24","Buch a.I.","2016","633","Anzahl",""
"25","Dachsen","2010","501","Anzahl",""
"25","Dachsen","2011","503","Anzahl",""
"25","Dachsen","2012","506","Anzahl",""
"25","Dachsen","2013","520","Anzahl",""
"25","Dachsen","2014","521","Anzahl",""
"25","Dachsen","2015","507","Anzahl",""
"25","Dachsen","2016","528","Anzahl",""
"26","Dorf","2010","614","Anzahl",""
"26","Dorf","2011","626","Anzahl",""
"26","Dorf","2012","645","Anzahl",""
"26","Dorf","2013","651","Anzahl",""
"26","Dorf","2014","666","Anzahl",""
"26","Dorf","2015","661","Anzahl",""
"26","Dorf","2016","681","Anzahl",""
"27","Feuerthalen","2010","469","Anzahl",""
"27","Feuerthalen","2011","475","Anzahl",""
"27","Feuerthalen","2012","488","Anzahl",""
"27","Feuerthalen","2013","494","Anzahl",""
"27","Feuerthalen","2014","493","Anzahl",""
"27","Feuerthalen","2015","492","Anzahl",""
"27","Feuerthalen","2016","483","Anzahl",""
"28","Flaach","2010","596","Anzahl",""
"28","Flaach","2011","609","Anzahl",""
"28","Flaach","2012","659","Anzahl",""
"28","Flaach","2013","663","Anzahl",""
"28","Flaach","2014","654","Anzahl",""
"28","Flaach","2015","659","Anzahl",""
"28","Flaach","2016","658","Anzahl",""
"29","Flurlingen","2010","483","Anzahl",""
"29","Flurlingen","2011","483","Anzahl",""
"29","Flurlingen","2012","493","Anzahl",""
"29","Flurlingen","2013","500","Anzahl",""
"29","Flurlingen","2014","506","Anzahl",""
"29","Flurlingen","2015","492","Anzahl",""
"29","Flurlingen","2016","474","Anzahl",""
"30","Andelfingen","2010","562","Anzahl",""
"30","Andelfingen","2011","581","Anzahl",""
"30","Andelfingen","2012","575","Anzahl",""
"30","Andelfingen","2013","586","Anzahl",""
"30","Andelfingen","2014","572","Anzahl",""
"30","Andelfingen","2015","563","Anzahl",""
"30","Andelfingen","2016","562","Anzahl",""
"31","Henggart","2010","529","Anzahl",""
"31","Henggart","2011","522","Anzahl",""
"31","Henggart","2012","526","Anzahl",""
"31","Henggart","2013","532","Anzahl",""
"31","Henggart","2014","541","Anzahl",""
"31","Henggart","2015","533","Anzahl",""
"31","Henggart","2016","539","Anzahl",""
"32","Humlikon","2010","577","Anzahl",""
"32","Humlikon","2011","590","Anzahl",""
"32","Humlikon","2012","577","Anzahl",""
"32","Humlikon","2013","585","Anzahl",""
"32","Humlikon","2014","591","Anzahl",""
"32","Humlikon","2015","566","Anzahl",""
"32","Humlikon","2016","587","Anzahl",""
"33","Kleinandelfingen","2010","608","Anzahl",""
"33","Kleinandelfingen","2011","608","Anzahl",""
"33","Kleinandelfingen","2012","615","Anzahl",""
"33","Kleinandelfingen","2013","622","Anzahl",""
"33","Kleinandelfingen","2014","625","Anzahl",""
"33","Kleinandelfingen","2015","612","Anzahl",""
"33","Kleinandelfingen","2016","621","Anzahl",""
"34","Laufen-Uhwiesen","2010","540","Anzahl",""
"34","Laufen-Uhwiesen","2011","548","Anzahl",""
"34","Laufen-Uhwiesen","2012","562","Anzahl",""
"34","Laufen-Uhwiesen","2013","583","Anzahl",""
"34","Laufen-Uhwiesen","2014","554","Anzahl",""
"34","Laufen-Uhwiesen","2015","561","Anzahl",""
"34","Laufen-Uhwiesen","2016","568","Anzahl",""
"35","Marthalen","2010","590","Anzahl",""
"35","Marthalen","2011","597","Anzahl",""
"35","Marthalen","2012","606","Anzahl",""
"35","Marthalen","2013","615","Anzahl",""
"35","Marthalen","2014","612","Anzahl",""
"35","Marthalen","2015","603","Anzahl",""
"35","Marthalen","2016","623","Anzahl",""
"36","Oberstammheim","2010","538","Anzahl",""
"36","Oberstammheim","2011","552","Anzahl",""
"36","Oberstammheim","2012","567","Anzahl",""
"36","Oberstammheim","2013","581","Anzahl",""
"36","Oberstammheim","2014","556","Anzahl",""
"36","Oberstammheim","2015","559","Anzahl",""
"36","Oberstammheim","2016","558","Anzahl",""
"37","Ossingen","2010","526","Anzahl",""
"37","Ossingen","2011","543","Anzahl",""
"37","Ossingen","2012","557","Anzahl",""
"37","Ossingen","2013","566","Anzahl",""
"37","Ossingen","2014","560","Anzahl",""
"37","Ossingen","2015","575","Anzahl",""
"37","Ossingen","2016","586","Anzahl",""
"38","Rheinau","2010","536","Anzahl",""
"38","Rheinau","2011","566","Anzahl",""
"38","Rheinau","2012","566","Anzahl",""
"38","Rheinau","2013","562","Anzahl",""
"38","Rheinau","2014","570","Anzahl",""
"38","Rheinau","2015","598","Anzahl",""
"38","Rheinau","2016","592","Anzahl",""
"39","Thalheim a.d.Th.","2010","612","Anzahl",""
"39","Thalheim a.d.Th.","2011","654","Anzahl",""
"39","Thalheim a.d.Th.","2012","628","Anzahl",""
"39","Thalheim a.d.Th.","2013","636","Anzahl",""
"39","Thalheim a.d.Th.","2014","619","Anzahl",""
"39","Thalheim a.d.Th.","2015","615","Anzahl",""
"39","Thalheim a.d.Th.","2016","651","Anzahl",""
"40","Trüllikon","2010","633","Anzahl",""
"40","Trüllikon","2011","626","Anzahl",""
"40","Trüllikon","2012","651","Anzahl",""
"40","Trüllikon","2013","658","Anzahl",""
"40","Trüllikon","2014","652","Anzahl",""
"40","Trüllikon","2015","639","Anzahl",""
"40","Trüllikon","2016","644","Anzahl",""
"41","Truttikon","2010","561","Anzahl",""
"41","Truttikon","2011","596","Anzahl",""
"41","Truttikon","2012","591","Anzahl",""
"41","Truttikon","2013","598","Anzahl",""
"41","Truttikon","2014","614","Anzahl",""
"41","Truttikon","2015","605","Anzahl",""
"41","Truttikon","2016","560","Anzahl",""
"42","Unterstammheim","2010","514","Anzahl",""
"42","Unterstammheim","2011","549","Anzahl",""
"42","Unterstammheim","2012","551","Anzahl",""
"42","Unterstammheim","2013","560","Anzahl",""
"42","Unterstammheim","2014","554","Anzahl",""
"42","Unterstammheim","2015","569","Anzahl",""
"42","Unterstammheim","2016","555","Anzahl",""
"43","Volken","2010","534","Anzahl",""
"43","Volken","2011","577","Anzahl",""
"43","Volken","2012","580","Anzahl",""
"43","Volken","2013","550","Anzahl",""
"43","Volken","2014","590","Anzahl",""
"43","Volken","2015","578","Anzahl",""
"43","Volken","2016","590","Anzahl",""
"44","Waltalingen","2010","596","Anzahl",""
"44","Waltalingen","2011","593","Anzahl",""
"44","Waltalingen","2012","622","Anzahl",""
"44","Waltalingen","2013","643","Anzahl",""
"44","Waltalingen","2014","647","Anzahl",""
"44","Waltalingen","2015","631","Anzahl",""
"44","Waltalingen","2016","644","Anzahl",""
"51","Bachenbülach","2010","569","Anzahl",""
"51","Bachenbülach","2011","583","Anzahl",""
"51","Bachenbülach","2012","568","Anzahl",""
"51","Bachenbülach","2013","564","Anzahl",""
"51","Bachenbülach","2014","565","Anzahl",""
"51","Bachenbülach","2015","569","Anzahl",""
"51","Bachenbülach","2016","591","Anzahl",""
"52","Bassersdorf","2010","525","Anzahl",""
"52","Bassersdorf","2011","530","Anzahl",""
"52","Bassersdorf","2012","533","Anzahl",""
"52","Bassersdorf","2013","534","Anzahl",""
"52","Bassersdorf","2014","535","Anzahl",""
"52","Bassersdorf","2015","540","Anzahl",""
"52","Bassersdorf","2016","537","Anzahl",""
"53","Bülach","2010","508","Anzahl",""
"53","Bülach","2011","504","Anzahl",""
"53","Bülach","2012","520","Anzahl",""
"53","Bülach","2013","518","Anzahl",""
"53","Bülach","2014","517","Anzahl",""
"53","Bülach","2015","526","Anzahl",""
"53","Bülach","2016","524","Anzahl",""
"54","Dietlikon","2010","581","Anzahl",""
"54","Dietlikon","2011","586","Anzahl",""
"54","Dietlikon","2012","593","Anzahl",""
"54","Dietlikon","2013","577","Anzahl",""
"54","Dietlikon","2014","581","Anzahl",""
"54","Dietlikon","2015","575","Anzahl",""
"54","Dietlikon","2016","567","Anzahl",""
"55","Eglisau","2010","592","Anzahl",""
"55","Eglisau","2011","577","Anzahl",""
"55","Eglisau","2012","575","Anzahl",""
"55","Eglisau","2013","579","Anzahl",""
"55","Eglisau","2014","550","Anzahl",""
"55","Eglisau","2015","556","Anzahl",""
"55","Eglisau","2016","561","Anzahl",""
"56","Embrach","2010","552","Anzahl",""
"56","Embrach","2011","555","Anzahl",""
"56","Embrach","2012","560","Anzahl",""
"56","Embrach","2013","560","Anzahl",""
"56","Embrach","2014","564","Anzahl",""
"56","Embrach","2015","563","Anzahl",""
"56","Embrach","2016","558","Anzahl",""
"57","Freienstein-Teufen","2010","561","Anzahl",""
"57","Freienstein-Teufen","2011","564","Anzahl",""
"57","Freienstein-Teufen","2012","581","Anzahl",""
"57","Freienstein-Teufen","2013","584","Anzahl",""
"57","Freienstein-Teufen","2014","591","Anzahl",""
"57","Freienstein-Teufen","2015","604","Anzahl",""
"57","Freienstein-Teufen","2016","606","Anzahl",""
"58","Glattfelden","2010","585","Anzahl",""
"58","Glattfelden","2011","620","Anzahl",""
"58","Glattfelden","2012","606","Anzahl",""
"58","Glattfelden","2013","604","Anzahl",""
"58","Glattfelden","2014","612","Anzahl",""
"58","Glattfelden","2015","612","Anzahl",""
"58","Glattfelden","2016","611","Anzahl",""
"59","Hochfelden","2010","588","Anzahl",""
"59","Hochfelden","2011","571","Anzahl",""
"59","Hochfelden","2012","575","Anzahl",""
"59","Hochfelden","2013","584","Anzahl",""
"59","Hochfelden","2014","585","Anzahl",""
"59","Hochfelden","2015","598","Anzahl",""
"59","Hochfelden","2016","608","Anzahl",""
"60","Höri","2010","604","Anzahl",""
"60","Höri","2011","609","Anzahl",""
"60","Höri","2012","637","Anzahl",""
"60","Höri","2013","633","Anzahl",""
"60","Höri","2014","652","Anzahl",""
"60","Höri","2015","644","Anzahl",""
"60","Höri","2016","666","Anzahl",""
"61","Hüntwangen","2010","574","Anzahl",""
"61","Hüntwangen","2011","615","Anzahl",""
"61","Hüntwangen","2012","635","Anzahl",""
"61","Hüntwangen","2013","616","Anzahl",""
"61","Hüntwangen","2014","636","Anzahl",""
"61","Hüntwangen","2015","642","Anzahl",""
"61","Hüntwangen","2016","660","Anzahl",""
"62","Kloten","2010","518","Anzahl",""
"62","Kloten","2011","518","Anzahl",""
"62","Kloten","2012","524","Anzahl",""
"62","Kloten","2013","527","Anzahl",""
"62","Kloten","2014","525","Anzahl",""
"62","Kloten","2015","529","Anzahl",""
"62","Kloten","2016","531","Anzahl",""
"63","Lufingen","2010","609","Anzahl",""
"63","Lufingen","2011","615","Anzahl",""
"63","Lufingen","2012","606","Anzahl",""
"63","Lufingen","2013","626","Anzahl",""
"63","Lufingen","2014","600","Anzahl",""
"63","Lufingen","2015","624","Anzahl",""
"63","Lufingen","2016","635","Anzahl",""
"64","Nürensdorf","2010","624","Anzahl",""
"64","Nürensdorf","2011","637","Anzahl",""
"64","Nürensdorf","2012","655","Anzahl",""
"64","Nürensdorf","2013","648","Anzahl",""
"64","Nürensdorf","2014","648","Anzahl",""
"64","Nürensdorf","2015","650","Anzahl",""
"64","Nürensdorf","2016","654","Anzahl",""
"65","Oberembrach","2010","622","Anzahl",""
"65","Oberembrach","2011","655","Anzahl",""
"65","Oberembrach","2012","675","Anzahl",""
"65","Oberembrach","2013","714","Anzahl",""
"65","Oberembrach","2014","666","Anzahl",""
"65","Oberembrach","2015","674","Anzahl",""
"65","Oberembrach","2016","678","Anzahl",""
"66","Opfikon","2010","537","Anzahl",""
"66","Opfikon","2011","535","Anzahl",""
"66","Opfikon","2012","545","Anzahl",""
"66","Opfikon","2013","531","Anzahl",""
"66","Opfikon","2014","535","Anzahl",""
"66","Opfikon","2015","522","Anzahl",""
"66","Opfikon","2016","503","Anzahl",""
"67","Rafz","2010","544","Anzahl",""
"67","Rafz","2011","545","Anzahl",""
"67","Rafz","2012","570","Anzahl",""
"67","Rafz","2013","571","Anzahl",""
"67","Rafz","2014","569","Anzahl",""
"67","Rafz","2015","571","Anzahl",""
"67","Rafz","2016","567","Anzahl",""
"68","Rorbas","2010","607","Anzahl",""
"68","Rorbas","2011","597","Anzahl",""
"68","Rorbas","2012","597","Anzahl",""
"68","Rorbas","2013","602","Anzahl",""
"68","Rorbas","2014","613","Anzahl",""
"68","Rorbas","2015","597","Anzahl",""
"68","Rorbas","2016","589","Anzahl",""
"69","Wallisellen","2010","572","Anzahl",""
"69","Wallisellen","2011","582","Anzahl",""
"69","Wallisellen","2012","587","Anzahl",""
"69","Wallisellen","2013","599","Anzahl",""
"69","Wallisellen","2014","593","Anzahl",""
"69","Wallisellen","2015","584","Anzahl",""
"69","Wallisellen","2016","581","Anzahl",""
"70","Wasterkingen","2010","608","Anzahl",""
"70","Wasterkingen","2011","612","Anzahl",""
"70","Wasterkingen","2012","618","Anzahl",""
"70","Wasterkingen","2013","642","Anzahl",""
"70","Wasterkingen","2014","647","Anzahl",""
"70","Wasterkingen","2015","657","Anzahl",""
"70","Wasterkingen","2016","646","Anzahl",""
"71","Wil","2010","580","Anzahl",""
"71","Wil","2011","600","Anzahl",""
"71","Wil","2012","603","Anzahl",""
"71","Wil","2013","614","Anzahl",""
"71","Wil","2014","624","Anzahl",""
"71","Wil","2015","613","Anzahl",""
"71","Wil","2016","612","Anzahl",""
"72","Winkel","2010","669","Anzahl",""
"72","Winkel","2011","666","Anzahl",""
"72","Winkel","2012","690","Anzahl",""
"72","Winkel","2013","681","Anzahl",""
"72","Winkel","2014","665","Anzahl",""
"72","Winkel","2015","672","Anzahl",""
"72","Winkel","2016","685","Anzahl",""
"81","Bachs","2010","622","Anzahl",""
"81","Bachs","2011","632","Anzahl",""
"81","Bachs","2012","647","Anzahl",""
"81","Bachs","2013","652","Anzahl",""
"81","Bachs","2014","644","Anzahl",""
"81","Bachs","2015","645","Anzahl",""
"81","Bachs","2016","675","Anzahl",""
"82","Boppelsen","2010","623","Anzahl",""
"82","Boppelsen","2011","651","Anzahl",""
"82","Boppelsen","2012","641","Anzahl",""
"82","Boppelsen","2013","660","Anzahl",""
"82","Boppelsen","2014","623","Anzahl",""
"82","Boppelsen","2015","657","Anzahl",""
"82","Boppelsen","2016","644","Anzahl",""
"83","Buchs","2010","578","Anzahl",""
"83","Buchs","2011","579","Anzahl",""
"83","Buchs","2012","600","Anzahl",""
"83","Buchs","2013","590","Anzahl",""
"83","Buchs","2014","579","Anzahl",""
"83","Buchs","2015","596","Anzahl",""
"83","Buchs","2016","586","Anzahl",""
"84","Dällikon","2010","651","Anzahl",""
"84","Dällikon","2011","641","Anzahl",""
"84","Dällikon","2012","663","Anzahl",""
"84","Dällikon","2013","659","Anzahl",""
"84","Dällikon","2014","664","Anzahl",""
"84","Dällikon","2015","655","Anzahl",""
"84","Dällikon","2016","664","Anzahl",""
"85","Dänikon","2010","594","Anzahl",""
"85","Dänikon","2011","606","Anzahl",""
"85","Dänikon","2012","626","Anzahl",""
"85","Dänikon","2013","615","Anzahl",""
"85","Dänikon","2014","599","Anzahl",""
"85","Dänikon","2015","605","Anzahl",""
"85","Dänikon","2016","624","Anzahl",""
"86","Dielsdorf","2010","679","Anzahl",""
"86","Dielsdorf","2011","673","Anzahl",""
"86","Dielsdorf","2012","652","Anzahl",""
"86","Dielsdorf","2013","686","Anzahl",""
"86","Dielsdorf","2014","705","Anzahl",""
"86","Dielsdorf","2015","766","Anzahl",""
"86","Dielsdorf","2016","772","Anzahl",""
"87","Hüttikon","2010","699","Anzahl",""
"87","Hüttikon","2011","722","Anzahl",""
"87","Hüttikon","2012","732","Anzahl",""
"87","Hüttikon","2013","760","Anzahl",""
"87","Hüttikon","2014","750","Anzahl",""
"87","Hüttikon","2015","768","Anzahl",""
"87","Hüttikon","2016","688","Anzahl",""
"88","Neerach","2010","686","Anzahl",""
"88","Neerach","2011","707","Anzahl",""
"88","Neerach","2012","703","Anzahl",""
"88","Neerach","2013","721","Anzahl",""
"88","Neerach","2014","733","Anzahl",""
"88","Neerach","2015","746","Anzahl",""
"88","Neerach","2016","745","Anzahl",""
"89","Niederglatt","2010","566","Anzahl",""
"89","Niederglatt","2011","562","Anzahl",""
"89","Niederglatt","2012","575","Anzahl",""
"89","Niederglatt","2013","586","Anzahl",""
"89","Niederglatt","2014","590","Anzahl",""
"89","Niederglatt","2015","579","Anzahl",""
"89","Niederglatt","2016","596","Anzahl",""
"90","Niederhasli","2010","560","Anzahl",""
"90","Niederhasli","2011","569","Anzahl",""
"90","Niederhasli","2012","579","Anzahl",""
"90","Niederhasli","2013","579","Anzahl",""
"90","Niederhasli","2014","573","Anzahl",""
"90","Niederhasli","2015","572","Anzahl",""
"90","Niederhasli","2016","575","Anzahl",""
"91","Niederweningen","2010","546","Anzahl",""
"91","Niederweningen","2011","540","Anzahl",""
"91","Niederweningen","2012","537","Anzahl",""
"91","Niederweningen","2013","557","Anzahl",""
"91","Niederweningen","2014","557","Anzahl",""
"91","Niederweningen","2015","552","Anzahl",""
"91","Niederweningen","2016","554","Anzahl",""
"92","Oberglatt","2010","520","Anzahl",""
"92","Oberglatt","2011","518","Anzahl",""
"92","Oberglatt","2012","517","Anzahl",""
"92","Oberglatt","2013","538","Anzahl",""
"92","Oberglatt","2014","524","Anzahl",""
"92","Oberglatt","2015","521","Anzahl",""
"92","Oberglatt","2016","523","Anzahl",""
"93","Oberweningen","2010","587","Anzahl",""
"93","Oberweningen","2011","564","Anzahl",""
"93","Oberweningen","2012","590","Anzahl",""
"93","Oberweningen","2013","593","Anzahl",""
"93","Oberweningen","2014","602","Anzahl",""
"93","Oberweningen","2015","595","Anzahl",""
"93","Oberweningen","2016","609","Anzahl",""
"94","Otelfingen","2010","650","Anzahl",""
"94","Otelfingen","2011","652","Anzahl",""
"94","Otelfingen","2012","648","Anzahl",""
"94","Otelfingen","2013","622","Anzahl",""
"94","Otelfingen","2014","638","Anzahl",""
"94","Otelfingen","2015","638","Anzahl",""
"94","Otelfingen","2016","639","Anzahl",""
"95","Regensberg","2010","586","Anzahl",""
"95","Regensberg","2011","557","Anzahl",""
"95","Regensberg","2012","574","Anzahl",""
"95","Regensberg","2013","604","Anzahl",""
"95","Regensberg","2014","666","Anzahl",""
"95","Regensberg","2015","599","Anzahl",""
"95","Regensberg","2016","624","Anzahl",""
"96","Regensdorf","2010","562","Anzahl",""
"96","Regensdorf","2011","561","Anzahl",""
"96","Regensdorf","2012","576","Anzahl",""
"96","Regensdorf","2013","578","Anzahl",""
"96","Regensdorf","2014","579","Anzahl",""
"96","Regensdorf","2015","597","Anzahl",""
"96","Regensdorf","2016","601","Anzahl",""
"97","Rümlang","2010","617","Anzahl",""
"97","Rümlang","2011","627","Anzahl",""
"97","Rümlang","2012","620","Anzahl",""
"97","Rümlang","2013","637","Anzahl",""
"97","Rümlang","2014","605","Anzahl",""
"97","Rümlang","2015","596","Anzahl",""
"97","Rümlang","2016","594","Anzahl",""
"98","Schleinikon","2010","618","Anzahl",""
"98","Schleinikon","2011","623","Anzahl",""
"98","Schleinikon","2012","650","Anzahl",""
"98","Schleinikon","2013","663","Anzahl",""
"98","Schleinikon","2014","672","Anzahl",""
"98","Schleinikon","2015","662","Anzahl",""
"98","Schleinikon","2016","688","Anzahl",""
"99","Schöfflisdorf","2010","613","Anzahl",""
"99","Schöfflisdorf","2011","623","Anzahl",""
"99","Schöfflisdorf","2012","624","Anzahl",""
"99","Schöfflisdorf","2013","621","Anzahl",""
"99","Schöfflisdorf","2014","647","Anzahl",""
"99","Schöfflisdorf","2015","649","Anzahl",""
"99","Schöfflisdorf","2016","650","Anzahl",""
"100","Stadel","2010","631","Anzahl",""
"100","Stadel","2011","625","Anzahl",""
"100","Stadel","2012","632","Anzahl",""
"100","Stadel","2013","637","Anzahl",""
"100","Stadel","2014","661","Anzahl",""
"100","Stadel","2015","643","Anzahl",""
"100","Stadel","2016","639","Anzahl",""
"101","Steinmaur","2010","612","Anzahl",""
"101","Steinmaur","2011","618","Anzahl",""
"101","Steinmaur","2012","629","Anzahl",""
"101","Steinmaur","2013","616","Anzahl",""
"101","Steinmaur","2014","616","Anzahl",""
"101","Steinmaur","2015","624","Anzahl",""
"101","Steinmaur","2016","633","Anzahl",""
"102","Weiach","2010","676","Anzahl",""
"102","Weiach","2011","657","Anzahl",""
"102","Weiach","2012","683","Anzahl",""
"102","Weiach","2013","647","Anzahl",""
"102","Weiach","2014","696","Anzahl",""
"102","Weiach","2015","724","Anzahl",""
"102","Weiach","2016","688","Anzahl",""
"111","Bäretswil","2010","597","Anzahl",""
"111","Bäretswil","2011","601","Anzahl",""
"111","Bäretswil","2012","605","Anzahl",""
"111","Bäretswil","2013","610","Anzahl",""
"111","Bäretswil","2014","600","Anzahl",""
"111","Bäretswil","2015","599","Anzahl",""
"111","Bäretswil","2016","621","Anzahl",""
"112","Bubikon","2010","558","Anzahl",""
"112","Bubikon","2011","575","Anzahl",""
"112","Bubikon","2012","573","Anzahl",""
"112","Bubikon","2013","578","Anzahl",""
"112","Bubikon","2014","581","Anzahl",""
"112","Bubikon","2015","587","Anzahl",""
"112","Bubikon","2016","584","Anzahl",""
"113","Dürnten","2010","518","Anzahl",""
"113","Dürnten","2011","546","Anzahl",""
"113","Dürnten","2012","540","Anzahl",""
"113","Dürnten","2013","540","Anzahl",""
"113","Dürnten","2014","543","Anzahl",""
"113","Dürnten","2015","537","Anzahl",""
"113","Dürnten","2016","542","Anzahl",""
"114","Fischenthal","2010","561","Anzahl",""
"114","Fischenthal","2011","680","Anzahl",""
"114","Fischenthal","2012","649","Anzahl",""
"114","Fischenthal","2013","618","Anzahl",""
"114","Fischenthal","2014","656","Anzahl",""
"114","Fischenthal","2015","674","Anzahl",""
"114","Fischenthal","2016","663","Anzahl",""
"115","Gossau","2010","569","Anzahl",""
"115","Gossau","2011","579","Anzahl",""
"115","Gossau","2012","588","Anzahl",""
"115","Gossau","2013","582","Anzahl",""
"115","Gossau","2014","585","Anzahl",""
"115","Gossau","2015","585","Anzahl",""
"115","Gossau","2016","590","Anzahl",""
"116","Grüningen","2010","635","Anzahl",""
"116","Grüningen","2011","631","Anzahl",""
"116","Grüningen","2012","656","Anzahl",""
"116","Grüningen","2013","652","Anzahl",""
"116","Grüningen","2014","655","Anzahl",""
"116","Grüningen","2015","657","Anzahl",""
"116","Grüningen","2016","660","Anzahl",""
"117","Hinwil","2010","595","Anzahl",""
"117","Hinwil","2011","600","Anzahl",""
"117","Hinwil","2012","603","Anzahl",""
"117","Hinwil","2013","608","Anzahl",""
"117","Hinwil","2014","601","Anzahl",""
"117","Hinwil","2015","615","Anzahl",""
"117","Hinwil","2016","627","Anzahl",""
"118","Rüti","2010","496","Anzahl",""
"118","Rüti","2011","494","Anzahl",""
"118","Rüti","2012","506","Anzahl",""
"118","Rüti","2013","508","Anzahl",""
"118","Rüti","2014","507","Anzahl",""
"118","Rüti","2015","513","Anzahl",""
"118","Rüti","2016","519","Anzahl",""
"119","Seegräben","2010","538","Anzahl",""
"119","Seegräben","2011","548","Anzahl",""
"119","Seegräben","2012","559","Anzahl",""
"119","Seegräben","2013","562","Anzahl",""
"119","Seegräben","2014","588","Anzahl",""
"119","Seegräben","2015","587","Anzahl",""
"119","Seegräben","2016","597","Anzahl",""
"120","Wald","2010","516","Anzahl",""
"120","Wald","2011","505","Anzahl",""
"120","Wald","2012","517","Anzahl",""
"120","Wald","2013","521","Anzahl",""
"120","Wald","2014","527","Anzahl",""
"120","Wald","2015","537","Anzahl",""
"120","Wald","2016","546","Anzahl",""
"121","Wetzikon","2010","508","Anzahl",""
"121","Wetzikon","2011","509","Anzahl",""
"121","Wetzikon","2012","521","Anzahl",""
"121","Wetzikon","2013","521","Anzahl",""
"121","Wetzikon","2014","518","Anzahl",""
"121","Wetzikon","2015","523","Anzahl",""
"121","Wetzikon","2016","523","Anzahl",""
"131","Adliswil","2010","482","Anzahl",""
"131","Adliswil","2011","491","Anzahl",""
"131","Adliswil","2012","482","Anzahl",""
"131","Adliswil","2013","477","Anzahl",""
"131","Adliswil","2014","471","Anzahl",""
"131","Adliswil","2015","469","Anzahl",""
"131","Adliswil","2016","470","Anzahl",""
"132","Hirzel","2010","560","Anzahl",""
"132","Hirzel","2011","560","Anzahl",""
"132","Hirzel","2012","576","Anzahl",""
"132","Hirzel","2013","578","Anzahl",""
"132","Hirzel","2014","591","Anzahl",""
"132","Hirzel","2015","596","Anzahl",""
"132","Hirzel","2016","600","Anzahl",""
"133","Horgen","2010","505","Anzahl",""
"133","Horgen","2011","500","Anzahl",""
"133","Horgen","2012","507","Anzahl",""
"133","Horgen","2013","509","Anzahl",""
"133","Horgen","2014","515","Anzahl",""
"133","Horgen","2015","506","Anzahl",""
"133","Horgen","2016","510","Anzahl",""
"134","Hütten","2010","552","Anzahl",""
"134","Hütten","2011","607","Anzahl",""
"134","Hütten","2012","574","Anzahl",""
"134","Hütten","2013","582","Anzahl",""
"134","Hütten","2014","569","Anzahl",""
"134","Hütten","2015","572","Anzahl",""
"134","Hütten","2016","577","Anzahl",""
"135","Kilchberg","2010","541","Anzahl",""
"135","Kilchberg","2011","539","Anzahl",""
"135","Kilchberg","2012","548","Anzahl",""
"135","Kilchberg","2013","550","Anzahl",""
"135","Kilchberg","2014","549","Anzahl",""
"135","Kilchberg","2015","550","Anzahl",""
"135","Kilchberg","2016","548","Anzahl",""
"136","Langnau a.A.","2010","506","Anzahl",""
"136","Langnau a.A.","2011","501","Anzahl",""
"136","Langnau a.A.","2012","517","Anzahl",""
"136","Langnau a.A.","2013","523","Anzahl",""
"136","Langnau a.A.","2014","515","Anzahl",""
"136","Langnau a.A.","2015","515","Anzahl",""
"136","Langnau a.A.","2016","512","Anzahl",""
"137","Oberrieden","2010","505","Anzahl",""
"137","Oberrieden","2011","499","Anzahl",""
"137","Oberrieden","2012","508","Anzahl",""
"137","Oberrieden","2013","498","Anzahl",""
"137","Oberrieden","2014","506","Anzahl",""
"137","Oberrieden","2015","518","Anzahl",""
"137","Oberrieden","2016","513","Anzahl",""
"138","Richterswil","2010","504","Anzahl",""
"138","Richterswil","2011","508","Anzahl",""
"138","Richterswil","2012","516","Anzahl",""
"138","Richterswil","2013","519","Anzahl",""
"138","Richterswil","2014","516","Anzahl",""
"138","Richterswil","2015","527","Anzahl",""
"138","Richterswil","2016","526","Anzahl",""
"139","Rüschlikon","2010","559","Anzahl",""
"139","Rüschlikon","2011","573","Anzahl",""
"139","Rüschlikon","2012","566","Anzahl",""
"139","Rüschlikon","2013","564","Anzahl",""
"139","Rüschlikon","2014","562","Anzahl",""
"139","Rüschlikon","2015","565","Anzahl",""
"139","Rüschlikon","2016","556","Anzahl",""
"140","Schönenberg","2010","587","Anzahl",""
"140","Schönenberg","2011","603","Anzahl",""
"140","Schönenberg","2012","619","Anzahl",""
"140","Schönenberg","2013","628","Anzahl",""
"140","Schönenberg","2014","631","Anzahl",""
"140","Schönenberg","2015","634","Anzahl",""
"140","Schönenberg","2016","639","Anzahl",""
"141","Thalwil","2010","493","Anzahl",""
"141","Thalwil","2011","490","Anzahl",""
"141","Thalwil","2012","496","Anzahl",""
"141","Thalwil","2013","495","Anzahl",""
"141","Thalwil","2014","486","Anzahl",""
"141","Thalwil","2015","484","Anzahl",""
"141","Thalwil","2016","477","Anzahl",""
"142","Wädenswil","2010","480","Anzahl",""
"142","Wädenswil","2011","486","Anzahl",""
"142","Wädenswil","2012","492","Anzahl",""
"142","Wädenswil","2013","498","Anzahl",""
"142","Wädenswil","2014","500","Anzahl",""
"142","Wädenswil","2015","499","Anzahl",""
"142","Wädenswil","2016","494","Anzahl",""
"151","Erlenbach","2010","585","Anzahl",""
"151","Erlenbach","2011","577","Anzahl",""
"151","Erlenbach","2012","592","Anzahl",""
"151","Erlenbach","2013","583","Anzahl",""
"151","Erlenbach","2014","595","Anzahl",""
"151","Erlenbach","2015","595","Anzahl",""
"151","Erlenbach","2016","594","Anzahl",""
"152","Herrliberg","2010","587","Anzahl",""
"152","Herrliberg","2011","586","Anzahl",""
"152","Herrliberg","2012","599","Anzahl",""
"152","Herrliberg","2013","598","Anzahl",""
"152","Herrliberg","2014","599","Anzahl",""
"152","Herrliberg","2015","601","Anzahl",""
"152","Herrliberg","2016","602","Anzahl",""
"153","Hombrechtikon","2010","548","Anzahl",""
"153","Hombrechtikon","2011","546","Anzahl",""
"153","Hombrechtikon","2012","553","Anzahl",""
"153","Hombrechtikon","2013","554","Anzahl",""
"153","Hombrechtikon","2014","565","Anzahl",""
"153","Hombrechtikon","2015","560","Anzahl",""
"153","Hombrechtikon","2016","573","Anzahl",""
"154","Küsnacht","2010","565","Anzahl",""
"154","Küsnacht","2011","562","Anzahl",""
"154","Küsnacht","2012","572","Anzahl",""
"154","Küsnacht","2013","570","Anzahl",""
"154","Küsnacht","2014","532","Anzahl",""
"154","Küsnacht","2015","525","Anzahl",""
"154","Küsnacht","2016","529","Anzahl",""
"155","Männedorf","2010","485","Anzahl",""
"155","Männedorf","2011","478","Anzahl",""
"155","Männedorf","2012","482","Anzahl",""
"155","Männedorf","2013","487","Anzahl",""
"155","Männedorf","2014","488","Anzahl",""
"155","Männedorf","2015","487","Anzahl",""
"155","Männedorf","2016","494","Anzahl",""
"156","Meilen","2010","550","Anzahl",""
"156","Meilen","2011","545","Anzahl",""
"156","Meilen","2012","546","Anzahl",""
"156","Meilen","2013","551","Anzahl",""
"156","Meilen","2014","545","Anzahl",""
"156","Meilen","2015","549","Anzahl",""
"156","Meilen","2016","540","Anzahl",""
"157","Oetwil a.S.","2010","575","Anzahl",""
"157","Oetwil a.S.","2011","585","Anzahl",""
"157","Oetwil a.S.","2012","590","Anzahl",""
"157","Oetwil a.S.","2013","589","Anzahl",""
"157","Oetwil a.S.","2014","590","Anzahl",""
"157","Oetwil a.S.","2015","588","Anzahl",""
"157","Oetwil a.S.","2016","595","Anzahl",""
"158","Stäfa","2010","518","Anzahl",""
"158","Stäfa","2011","516","Anzahl",""
"158","Stäfa","2012","525","Anzahl",""
"158","Stäfa","2013","527","Anzahl",""
"158","Stäfa","2014","519","Anzahl",""
"158","Stäfa","2015","529","Anzahl",""
"158","Stäfa","2016","526","Anzahl",""
"159","Uetikon a.S.","2010","512","Anzahl",""
"159","Uetikon a.S.","2011","519","Anzahl",""
"159","Uetikon a.S.","2012","535","Anzahl",""
"159","Uetikon a.S.","2013","536","Anzahl",""
"159","Uetikon a.S.","2014","545","Anzahl",""
"159","Uetikon a.S.","2015","540","Anzahl",""
"159","Uetikon a.S.","2016","540","Anzahl",""
"160","Zumikon","2010","578","Anzahl",""
"160","Zumikon","2011","579","Anzahl",""
"160","Zumikon","2012","579","Anzahl",""
"160","Zumikon","2013","575","Anzahl",""
"160","Zumikon","2014","570","Anzahl",""
"160","Zumikon","2015","570","Anzahl",""
"160","Zumikon","2016","557","Anzahl",""
"161","Zollikon","2010","539","Anzahl",""
"161","Zollikon","2011","536","Anzahl",""
"161","Zollikon","2012","542","Anzahl",""
"161","Zollikon","2013","544","Anzahl",""
"161","Zollikon","2014","538","Anzahl",""
"161","Zollikon","2015","530","Anzahl",""
"161","Zollikon","2016","521","Anzahl",""
"171","Bauma (bis 2014)","2010","563","Anzahl",""
"171","Bauma (bis 2014)","2011","572","Anzahl",""
"171","Bauma (bis 2014)","2012","586","Anzahl",""
"171","Bauma (bis 2014)","2013","592","Anzahl",""
"171","Bauma (bis 2014)","2014","603","Anzahl",""
"172","Fehraltorf","2010","572","Anzahl",""
"172","Fehraltorf","2011","562","Anzahl",""
"172","Fehraltorf","2012","595","Anzahl",""
"172","Fehraltorf","2013","587","Anzahl",""
"172","Fehraltorf","2014","582","Anzahl",""
"172","Fehraltorf","2015","585","Anzahl",""
"172","Fehraltorf","2016","588","Anzahl",""
"173","Hittnau","2010","579","Anzahl",""
"173","Hittnau","2011","592","Anzahl",""
"173","Hittnau","2012","608","Anzahl",""
"173","Hittnau","2013","620","Anzahl",""
"173","Hittnau","2014","622","Anzahl",""
"173","Hittnau","2015","619","Anzahl",""
"173","Hittnau","2016","619","Anzahl",""
"174","Illnau-Effretikon (bis 2015)","2010","501","Anzahl",""
"174","Illnau-Effretikon (bis 2015)","2011","505","Anzahl",""
"174","Illnau-Effretikon (bis 2015)","2012","512","Anzahl",""
"174","Illnau-Effretikon (bis 2015)","2013","509","Anzahl",""
"174","Illnau-Effretikon (bis 2015)","2014","505","Anzahl",""
"174","Illnau-Effretikon (bis 2015)","2015","504","Anzahl",""
"175","Kyburg (bis 2015)","2010","587","Anzahl",""
"175","Kyburg (bis 2015)","2011","597","Anzahl",""
"175","Kyburg (bis 2015)","2012","581","Anzahl",""
"175","Kyburg (bis 2015)","2013","594","Anzahl",""
"175","Kyburg (bis 2015)","2014","484","Anzahl",""
"175","Kyburg (bis 2015)","2015","499","Anzahl",""
"176","Lindau","2010","578","Anzahl",""
"176","Lindau","2011","580","Anzahl",""
"176","Lindau","2012","599","Anzahl",""
"176","Lindau","2013","602","Anzahl",""
"176","Lindau","2014","602","Anzahl",""
"176","Lindau","2015","610","Anzahl",""
"176","Lindau","2016","612","Anzahl",""
"177","Pfäffikon","2010","522","Anzahl",""
"177","Pfäffikon","2011","523","Anzahl",""
"177","Pfäffikon","2012","534","Anzahl",""
"177","Pfäffikon","2013","535","Anzahl",""
"177","Pfäffikon","2014","535","Anzahl",""
"177","Pfäffikon","2015","539","Anzahl",""
"177","Pfäffikon","2016","542","Anzahl",""
"178","Russikon","2010","626","Anzahl",""
"178","Russikon","2011","621","Anzahl",""
"178","Russikon","2012","619","Anzahl",""
"178","Russikon","2013","621","Anzahl",""
"178","Russikon","2014","613","Anzahl",""
"178","Russikon","2015","627","Anzahl",""
"178","Russikon","2016","621","Anzahl",""
"179","Sternenberg (bis 2014)","2010","607","Anzahl",""
"179","Sternenberg (bis 2014)","2011","575","Anzahl",""
"179","Sternenberg (bis 2014)","2012","604","Anzahl",""
"179","Sternenberg (bis 2014)","2013","610","Anzahl",""
"179","Sternenberg (bis 2014)","2014","680","Anzahl",""
"180","Weisslingen","2010","604","Anzahl",""
"180","Weisslingen","2011","590","Anzahl",""
"180","Weisslingen","2012","608","Anzahl",""
"180","Weisslingen","2013","614","Anzahl",""
"180","Weisslingen","2014","604","Anzahl",""
"180","Weisslingen","2015","609","Anzahl",""
"180","Weisslingen","2016","622","Anzahl",""
"181","Wila","2010","640","Anzahl",""
"181","Wila","2011","648","Anzahl",""
"181","Wila","2012","687","Anzahl",""
"181","Wila","2013","670","Anzahl",""
"181","Wila","2014","731","Anzahl",""
"181","Wila","2015","732","Anzahl",""
"181","Wila","2016","721","Anzahl",""
"182","Wildberg","2010","545","Anzahl",""
"182","Wildberg","2011","531","Anzahl",""
"182","Wildberg","2012","534","Anzahl",""
"182","Wildberg","2013","520","Anzahl",""
"182","Wildberg","2014","510","Anzahl",""
"182","Wildberg","2015","494","Anzahl",""
"182","Wildberg","2016","536","Anzahl",""
"191","Dübendorf","2010","530","Anzahl",""
"191","Dübendorf","2011","524","Anzahl",""
"191","Dübendorf","2012","531","Anzahl",""
"191","Dübendorf","2013","535","Anzahl",""
"191","Dübendorf","2014","525","Anzahl",""
"191","Dübendorf","2015","522","Anzahl",""
"191","Dübendorf","2016","518","Anzahl",""
"192","Egg","2010","557","Anzahl",""
"192","Egg","2011","563","Anzahl",""
"192","Egg","2012","565","Anzahl",""
"192","Egg","2013","565","Anzahl",""
"192","Egg","2014","568","Anzahl",""
"192","Egg","2015","570","Anzahl",""
"192","Egg","2016","582","Anzahl",""
"193","Fällanden","2010","557","Anzahl",""
"193","Fällanden","2011","549","Anzahl",""
"193","Fällanden","2012","546","Anzahl",""
"193","Fällanden","2013","550","Anzahl",""
"193","Fällanden","2014","547","Anzahl",""
"193","Fällanden","2015","553","Anzahl",""
"193","Fällanden","2016","547","Anzahl",""
"194","Greifensee","2010","469","Anzahl",""
"194","Greifensee","2011","461","Anzahl",""
"194","Greifensee","2012","464","Anzahl",""
"194","Greifensee","2013","465","Anzahl",""
"194","Greifensee","2014","457","Anzahl",""
"194","Greifensee","2015","457","Anzahl",""
"194","Greifensee","2016","450","Anzahl",""
"195","Maur","2010","593","Anzahl",""
"195","Maur","2011","589","Anzahl",""
"195","Maur","2012","596","Anzahl",""
"195","Maur","2013","598","Anzahl",""
"195","Maur","2014","640","Anzahl",""
"195","Maur","2015","648","Anzahl",""
"195","Maur","2016","644","Anzahl",""
"196","Mönchaltorf","2010","567","Anzahl",""
"196","Mönchaltorf","2011","567","Anzahl",""
"196","Mönchaltorf","2012","579","Anzahl",""
"196","Mönchaltorf","2013","573","Anzahl",""
"196","Mönchaltorf","2014","570","Anzahl",""
"196","Mönchaltorf","2015","557","Anzahl",""
"196","Mönchaltorf","2016","555","Anzahl",""
"197","Schwerzenbach","2010","521","Anzahl",""
"197","Schwerzenbach","2011","533","Anzahl",""
"197","Schwerzenbach","2012","541","Anzahl",""
"197","Schwerzenbach","2013","533","Anzahl",""
"197","Schwerzenbach","2014","523","Anzahl",""
"197","Schwerzenbach","2015","515","Anzahl",""
"197","Schwerzenbach","2016","507","Anzahl",""
"198","Uster","2010","480","Anzahl",""
"198","Uster","2011","476","Anzahl",""
"198","Uster","2012","480","Anzahl",""
"198","Uster","2013","479","Anzahl",""
"198","Uster","2014","476","Anzahl",""
"198","Uster","2015","477","Anzahl",""
"198","Uster","2016","476","Anzahl",""
"199","Volketswil","2010","591","Anzahl",""
"199","Volketswil","2011","585","Anzahl",""
"199","Volketswil","2012","595","Anzahl",""
"199","Volketswil","2013","600","Anzahl",""
"199","Volketswil","2014","597","Anzahl",""
"199","Volketswil","2015","591","Anzahl",""
"199","Volketswil","2016","592","Anzahl",""
"200","Wangen-Brüttisellen","2010","604","Anzahl",""
"200","Wangen-Brüttisellen","2011","600","Anzahl",""
"200","Wangen-Brüttisellen","2012","630","Anzahl",""
"200","Wangen-Brüttisellen","2013","631","Anzahl",""
"200","Wangen-Brüttisellen","2014","636","Anzahl",""
"200","Wangen-Brüttisellen","2015","636","Anzahl",""
"200","Wangen-Brüttisellen","2016","627","Anzahl",""
"211","Altikon","2010","599","Anzahl",""
"211","Altikon","2011","626","Anzahl",""
"211","Altikon","2012","630","Anzahl",""
"211","Altikon","2013","644","Anzahl",""
"211","Altikon","2014","644","Anzahl",""
"211","Altikon","2015","632","Anzahl",""
"211","Altikon","2016","635","Anzahl",""
"212","Bertschikon (bis 2013)","2016","null","Anzahl",""
"213","Brütten","2010","628","Anzahl",""
"213","Brütten","2011","625","Anzahl",""
"213","Brütten","2012","644","Anzahl",""
"213","Brütten","2013","630","Anzahl",""
"213","Brütten","2014","630","Anzahl",""
"213","Brütten","2015","621","Anzahl",""
"213","Brütten","2016","629","Anzahl",""
"214","Dägerlen","2010","539","Anzahl",""
"214","Dägerlen","2011","526","Anzahl",""
"214","Dägerlen","2012","546","Anzahl",""
"214","Dägerlen","2013","561","Anzahl",""
"214","Dägerlen","2014","574","Anzahl",""
"214","Dägerlen","2015","606","Anzahl",""
"214","Dägerlen","2016","599","Anzahl",""
"215","Dättlikon","2010","595","Anzahl",""
"215","Dättlikon","2011","606","Anzahl",""
"215","Dättlikon","2012","609","Anzahl",""
"215","Dättlikon","2013","611","Anzahl",""
"215","Dättlikon","2014","607","Anzahl",""
"215","Dättlikon","2015","614","Anzahl",""
"215","Dättlikon","2016","642","Anzahl",""
"216","Dinhard","2010","583","Anzahl",""
"216","Dinhard","2011","594","Anzahl",""
"216","Dinhard","2012","592","Anzahl",""
"216","Dinhard","2013","596","Anzahl",""
"216","Dinhard","2014","587","Anzahl",""
"216","Dinhard","2015","605","Anzahl",""
"216","Dinhard","2016","623","Anzahl",""
"217","Elgg","2010","543","Anzahl",""
"217","Elgg","2011","552","Anzahl",""
"217","Elgg","2012","547","Anzahl",""
"217","Elgg","2013","554","Anzahl",""
"217","Elgg","2014","532","Anzahl",""
"217","Elgg","2015","528","Anzahl",""
"217","Elgg","2016","528","Anzahl",""
"218","Ellikon a.d.Th.","2010","662","Anzahl",""
"218","Ellikon a.d.Th.","2011","656","Anzahl",""
"218","Ellikon a.d.Th.","2012","686","Anzahl",""
"218","Ellikon a.d.Th.","2013","681","Anzahl",""
"218","Ellikon a.d.Th.","2014","690","Anzahl",""
"218","Ellikon a.d.Th.","2015","677","Anzahl",""
"218","Ellikon a.d.Th.","2016","668","Anzahl",""
"219","Elsau","2010","551","Anzahl",""
"219","Elsau","2011","548","Anzahl",""
"219","Elsau","2012","554","Anzahl",""
"219","Elsau","2013","564","Anzahl",""
"219","Elsau","2014","554","Anzahl",""
"219","Elsau","2015","551","Anzahl",""
"219","Elsau","2016","556","Anzahl",""
"220","Hagenbuch","2010","662","Anzahl",""
"220","Hagenbuch","2011","686","Anzahl",""
"220","Hagenbuch","2012","642","Anzahl",""
"220","Hagenbuch","2013","636","Anzahl",""
"220","Hagenbuch","2014","657","Anzahl",""
"220","Hagenbuch","2015","638","Anzahl",""
"220","Hagenbuch","2016","632","Anzahl",""
"221","Hettlingen","2010","498","Anzahl",""
"221","Hettlingen","2011","502","Anzahl",""
"221","Hettlingen","2012","507","Anzahl",""
"221","Hettlingen","2013","519","Anzahl",""
"221","Hettlingen","2014","513","Anzahl",""
"221","Hettlingen","2015","516","Anzahl",""
"221","Hettlingen","2016","513","Anzahl",""
"222","Hofstetten","2010","616","Anzahl",""
"222","Hofstetten","2011","629","Anzahl",""
"222","Hofstetten","2012","606","Anzahl",""
"222","Hofstetten","2013","628","Anzahl",""
"222","Hofstetten","2014","703","Anzahl",""
"222","Hofstetten","2015","680","Anzahl",""
"222","Hofstetten","2016","703","Anzahl",""
"223","Neftenbach","2010","588","Anzahl",""
"223","Neftenbach","2011","583","Anzahl",""
"223","Neftenbach","2012","598","Anzahl",""
"223","Neftenbach","2013","594","Anzahl",""
"223","Neftenbach","2014","597","Anzahl",""
"223","Neftenbach","2015","592","Anzahl",""
"223","Neftenbach","2016","596","Anzahl",""
"224","Pfungen","2010","596","Anzahl",""
"224","Pfungen","2011","594","Anzahl",""
"224","Pfungen","2012","588","Anzahl",""
"224","Pfungen","2013","589","Anzahl",""
"224","Pfungen","2014","575","Anzahl",""
"224","Pfungen","2015","569","Anzahl",""
"224","Pfungen","2016","570","Anzahl",""
"225","Rickenbach","2010","551","Anzahl",""
"225","Rickenbach","2011","541","Anzahl",""
"225","Rickenbach","2012","552","Anzahl",""
"225","Rickenbach","2013","550","Anzahl",""
"225","Rickenbach","2014","524","Anzahl",""
"225","Rickenbach","2015","527","Anzahl",""
"225","Rickenbach","2016","526","Anzahl",""
"226","Schlatt","2010","578","Anzahl",""
"226","Schlatt","2011","576","Anzahl",""
"226","Schlatt","2012","581","Anzahl",""
"226","Schlatt","2013","579","Anzahl",""
"226","Schlatt","2014","591","Anzahl",""
"226","Schlatt","2015","564","Anzahl",""
"226","Schlatt","2016","574","Anzahl",""
"227","Seuzach","2010","588","Anzahl",""
"227","Seuzach","2011","582","Anzahl",""
"227","Seuzach","2012","597","Anzahl",""
"227","Seuzach","2013","597","Anzahl",""
"227","Seuzach","2014","598","Anzahl",""
"227","Seuzach","2015","593","Anzahl",""
"227","Seuzach","2016","598","Anzahl",""
"228","Turbenthal","2010","547","Anzahl",""
"228","Turbenthal","2011","548","Anzahl",""
"228","Turbenthal","2012","559","Anzahl",""
"228","Turbenthal","2013","564","Anzahl",""
"228","Turbenthal","2014","548","Anzahl",""
"228","Turbenthal","2015","550","Anzahl",""
"228","Turbenthal","2016","557","Anzahl",""
"230","Winterthur","2010","411","Anzahl",""
"230","Winterthur","2011","410","Anzahl",""
"230","Winterthur","2012","415","Anzahl",""
"230","Winterthur","2013","416","Anzahl",""
"230","Winterthur","2014","414","Anzahl",""
"230","Winterthur","2015","417","Anzahl",""
"230","Winterthur","2016","415","Anzahl",""
"231","Zell","2010","517","Anzahl",""
"231","Zell","2011","514","Anzahl",""
"231","Zell","2012","528","Anzahl",""
"231","Zell","2013","543","Anzahl",""
"231","Zell","2014","545","Anzahl",""
"231","Zell","2015","546","Anzahl",""
"231","Zell","2016","555","Anzahl",""
"241","Aesch ZH","2010","636","Anzahl",""
"241","Aesch ZH","2011","634","Anzahl",""
"241","Aesch ZH","2012","650","Anzahl",""
"241","Aesch ZH","2013","620","Anzahl",""
"241","Aesch ZH","2014","605","Anzahl",""
"241","Aesch ZH","2015","596","Anzahl",""
"241","Aesch ZH","2016","626","Anzahl",""
"242","Birmensdorf","2010","544","Anzahl",""
"242","Birmensdorf","2011","543","Anzahl",""
"242","Birmensdorf","2012","546","Anzahl",""
"242","Birmensdorf","2013","550","Anzahl",""
"242","Birmensdorf","2014","545","Anzahl",""
"242","Birmensdorf","2015","543","Anzahl",""
"242","Birmensdorf","2016","532","Anzahl",""
"243","Dietikon","2010","470","Anzahl",""
"243","Dietikon","2011","475","Anzahl",""
"243","Dietikon","2012","486","Anzahl",""
"243","Dietikon","2013","482","Anzahl",""
"243","Dietikon","2014","487","Anzahl",""
"243","Dietikon","2015","476","Anzahl",""
"243","Dietikon","2016","472","Anzahl",""
"244","Geroldswil","2010","618","Anzahl",""
"244","Geroldswil","2011","616","Anzahl",""
"244","Geroldswil","2012","624","Anzahl",""
"244","Geroldswil","2013","624","Anzahl",""
"244","Geroldswil","2014","532","Anzahl",""
"244","Geroldswil","2015","532","Anzahl",""
"244","Geroldswil","2016","524","Anzahl",""
"245","Oberengstringen","2010","514","Anzahl",""
"245","Oberengstringen","2011","510","Anzahl",""
"245","Oberengstringen","2012","510","Anzahl",""
"245","Oberengstringen","2013","522","Anzahl",""
"245","Oberengstringen","2014","516","Anzahl",""
"245","Oberengstringen","2015","502","Anzahl",""
"245","Oberengstringen","2016","496","Anzahl",""
"246","Oetwil a.d.L.","2010","667","Anzahl",""
"246","Oetwil a.d.L.","2011","668","Anzahl",""
"246","Oetwil a.d.L.","2012","675","Anzahl",""
"246","Oetwil a.d.L.","2013","651","Anzahl",""
"246","Oetwil a.d.L.","2014","668","Anzahl",""
"246","Oetwil a.d.L.","2015","671","Anzahl",""
"246","Oetwil a.d.L.","2016","664","Anzahl",""
"247","Schlieren","2010","511","Anzahl",""
"247","Schlieren","2011","519","Anzahl",""
"247","Schlieren","2012","553","Anzahl",""
"247","Schlieren","2013","566","Anzahl",""
"247","Schlieren","2014","561","Anzahl",""
"247","Schlieren","2015","560","Anzahl",""
"247","Schlieren","2016","537","Anzahl",""
"248","Uitikon","2010","602","Anzahl",""
"248","Uitikon","2011","603","Anzahl",""
"248","Uitikon","2012","612","Anzahl",""
"248","Uitikon","2013","605","Anzahl",""
"248","Uitikon","2014","606","Anzahl",""
"248","Uitikon","2015","599","Anzahl",""
"248","Uitikon","2016","588","Anzahl",""
"249","Unterengstringen","2010","599","Anzahl",""
"249","Unterengstringen","2011","594","Anzahl",""
"249","Unterengstringen","2012","617","Anzahl",""
"249","Unterengstringen","2013","617","Anzahl",""
"249","Unterengstringen","2014","601","Anzahl",""
"249","Unterengstringen","2015","596","Anzahl",""
"249","Unterengstringen","2016","580","Anzahl",""
"250","Urdorf","2010","559","Anzahl",""
"250","Urdorf","2011","566","Anzahl",""
"250","Urdorf","2012","574","Anzahl",""
"250","Urdorf","2013","578","Anzahl",""
"250","Urdorf","2014","582","Anzahl",""
"250","Urdorf","2015","588","Anzahl",""
"250","Urdorf","2016","583","Anzahl",""
"251","Weiningen","2010","553","Anzahl",""
"251","Weiningen","2011","572","Anzahl",""
"251","Weiningen","2012","585","Anzahl",""
"251","Weiningen","2013","576","Anzahl",""
"251","Weiningen","2014","668","Anzahl",""
"251","Weiningen","2015","685","Anzahl",""
"251","Weiningen","2016","695","Anzahl",""
"261","Zürich","2010","357","Anzahl",""
"261","Zürich","2011","352","Anzahl",""
"261","Zürich","2012","358","Anzahl",""
"261","Zürich","2013","355","Anzahl",""
"261","Zürich","2014","351","Anzahl",""
"261","Zürich","2015","348","Anzahl",""
"261","Zürich","2016","344","Anzahl",""
"296","Illnau-Effretikon","2010","503","Anzahl",""
"296","Illnau-Effretikon","2011","508","Anzahl",""
"296","Illnau-Effretikon","2012","513","Anzahl",""
"296","Illnau-Effretikon","2013","511","Anzahl",""
"296","Illnau-Effretikon","2014","505","Anzahl",""
"296","Illnau-Effretikon","2015","504","Anzahl",""
"296","Illnau-Effretikon","2016","503","Anzahl",""
"297","Bauma","2010","565","Anzahl",""
"297","Bauma","2011","568","Anzahl",""
"297","Bauma","2012","585","Anzahl",""
"297","Bauma","2013","583","Anzahl",""
"297","Bauma","2014","600","Anzahl",""
"297","Bauma","2015","627","Anzahl",""
"297","Bauma","2016","631","Anzahl",""
"298","Wiesendangen","2010","539","Anzahl",""
"298","Wiesendangen","2011","543","Anzahl",""
"298","Wiesendangen","2012","538","Anzahl",""
"298","Wiesendangen","2013","551","Anzahl",""
"298","Wiesendangen","2014","569","Anzahl",""
"298","Wiesendangen","2015","576","Anzahl",""
"298","Wiesendangen","2016","572","Anzahl",""
"0","Bezirk Affoltern","2010","536","Anzahl",""
"0","Bezirk Affoltern","2011","539","Anzahl",""
"0","Bezirk Affoltern","2012","550","Anzahl",""
"0","Bezirk Affoltern","2013","551","Anzahl",""
"0","Bezirk Affoltern","2014","552","Anzahl",""
"0","Bezirk Affoltern","2015","557","Anzahl",""
"0","Bezirk Affoltern","2016","556","Anzahl",""
"0","Bezirk Andelfingen","2010","553","Anzahl",""
"0","Bezirk Andelfingen","2011","562","Anzahl",""
"0","Bezirk Andelfingen","2012","571","Anzahl",""
"0","Bezirk Andelfingen","2013","582","Anzahl",""
"0","Bezirk Andelfingen","2014","578","Anzahl",""
"0","Bezirk Andelfingen","2015","577","Anzahl",""
"0","Bezirk Andelfingen","2016","579","Anzahl",""
"0","Bezirk Bülach","2010","555","Anzahl",""
"0","Bezirk Bülach","2011","558","Anzahl",""
"0","Bezirk Bülach","2012","566","Anzahl",""
"0","Bezirk Bülach","2013","565","Anzahl",""
"0","Bezirk Bülach","2014","564","Anzahl",""
"0","Bezirk Bülach","2015","565","Anzahl",""
"0","Bezirk Bülach","2016","562","Anzahl",""
"0","Bezirk Dielsdorf","2010","594","Anzahl",""
"0","Bezirk Dielsdorf","2011","596","Anzahl",""
"0","Bezirk Dielsdorf","2012","603","Anzahl",""
"0","Bezirk Dielsdorf","2013","609","Anzahl",""
"0","Bezirk Dielsdorf","2014","607","Anzahl",""
"0","Bezirk Dielsdorf","2015","615","Anzahl",""
"0","Bezirk Dielsdorf","2016","617","Anzahl",""
"0","Bezirk Dietikon","2010","530","Anzahl",""
"0","Bezirk Dietikon","2011","534","Anzahl",""
"0","Bezirk Dietikon","2012","548","Anzahl",""
"0","Bezirk Dietikon","2013","549","Anzahl",""
"0","Bezirk Dietikon","2014","548","Anzahl",""
"0","Bezirk Dietikon","2015","544","Anzahl",""
"0","Bezirk Dietikon","2016","535","Anzahl",""
"0","Bezirk Hinwil","2010","540","Anzahl",""
"0","Bezirk Hinwil","2011","547","Anzahl",""
"0","Bezirk Hinwil","2012","554","Anzahl",""
"0","Bezirk Hinwil","2013","554","Anzahl",""
"0","Bezirk Hinwil","2014","555","Anzahl",""
"0","Bezirk Hinwil","2015","560","Anzahl",""
"0","Bezirk Hinwil","2016","565","Anzahl",""
"0","Bezirk Horgen","2010","503","Anzahl",""
"0","Bezirk Horgen","2011","505","Anzahl",""
"0","Bezirk Horgen","2012","509","Anzahl",""
"0","Bezirk Horgen","2013","511","Anzahl",""
"0","Bezirk Horgen","2014","509","Anzahl",""
"0","Bezirk Horgen","2015","509","Anzahl",""
"0","Bezirk Horgen","2016","507","Anzahl",""
"0","Bezirk Meilen","2010","544","Anzahl",""
"0","Bezirk Meilen","2011","541","Anzahl",""
"0","Bezirk Meilen","2012","549","Anzahl",""
"0","Bezirk Meilen","2013","549","Anzahl",""
"0","Bezirk Meilen","2014","544","Anzahl",""
"0","Bezirk Meilen","2015","543","Anzahl",""
"0","Bezirk Meilen","2016","542","Anzahl",""
"0","Bezirk Pfäffikon","2010","551","Anzahl",""
"0","Bezirk Pfäffikon","2011","552","Anzahl",""
"0","Bezirk Pfäffikon","2012","565","Anzahl",""
"0","Bezirk Pfäffikon","2013","565","Anzahl",""
"0","Bezirk Pfäffikon","2014","564","Anzahl",""
"0","Bezirk Pfäffikon","2015","568","Anzahl",""
"0","Bezirk Pfäffikon","2016","570","Anzahl",""
"0","Bezirk Uster","2010","537","Anzahl",""
"0","Bezirk Uster","2011","533","Anzahl",""
"0","Bezirk Uster","2012","540","Anzahl",""
"0","Bezirk Uster","2013","541","Anzahl",""
"0","Bezirk Uster","2014","541","Anzahl",""
"0","Bezirk Uster","2015","540","Anzahl",""
"0","Bezirk Uster","2016","538","Anzahl",""
"0","Bezirk Winterthur","2010","463","Anzahl",""
"0","Bezirk Winterthur","2011","462","Anzahl",""
"0","Bezirk Winterthur","2012","468","Anzahl",""
"0","Bezirk Winterthur","2013","470","Anzahl",""
"0","Bezirk Winterthur","2014","468","Anzahl",""
"0","Bezirk Winterthur","2015","469","Anzahl",""
"0","Bezirk Winterthur","2016","469","Anzahl",""
"0","Bezirk Zürich","2010","357","Anzahl",""
"0","Bezirk Zürich","2011","352","Anzahl",""
"0","Bezirk Zürich","2012","358","Anzahl",""
"0","Bezirk Zürich","2013","355","Anzahl",""
"0","Bezirk Zürich","2014","351","Anzahl",""
"0","Bezirk Zürich","2015","348","Anzahl",""
"0","Bezirk Zürich","2016","344","Anzahl",""
"0","Region Furttal","2010","589","Anzahl",""
"0","Region Furttal","2011","590","Anzahl",""
"0","Region Furttal","2012","605","Anzahl",""
"0","Region Furttal","2013","602","Anzahl",""
"0","Region Furttal","2014","599","Anzahl",""
"0","Region Furttal","2015","613","Anzahl",""
"0","Region Furttal","2016","614","Anzahl",""
"0","Region Glattal","2010","558","Anzahl",""
"0","Region Glattal","2011","555","Anzahl",""
"0","Region Glattal","2012","563","Anzahl",""
"0","Region Glattal","2013","564","Anzahl",""
"0","Region Glattal","2014","562","Anzahl",""
"0","Region Glattal","2015","560","Anzahl",""
"0","Region Glattal","2016","555","Anzahl",""
"0","Region Knonaueramt","2010","536","Anzahl",""
"0","Region Knonaueramt","2011","539","Anzahl",""
"0","Region Knonaueramt","2012","550","Anzahl",""
"0","Region Knonaueramt","2013","551","Anzahl",""
"0","Region Knonaueramt","2014","552","Anzahl",""
"0","Region Knonaueramt","2015","557","Anzahl",""
"0","Region Knonaueramt","2016","556","Anzahl",""
"0","Region Limmattal","2010","530","Anzahl",""
"0","Region Limmattal","2011","534","Anzahl",""
"0","Region Limmattal","2012","548","Anzahl",""
"0","Region Limmattal","2013","549","Anzahl",""
"0","Region Limmattal","2014","548","Anzahl",""
"0","Region Limmattal","2015","544","Anzahl",""
"0","Region Limmattal","2016","535","Anzahl",""
"0","Region Oberland","2010","531","Anzahl",""
"0","Region Oberland","2011","537","Anzahl",""
"0","Region Oberland","2012","545","Anzahl",""
"0","Region Oberland","2013","545","Anzahl",""
"0","Region Oberland","2014","545","Anzahl",""
"0","Region Oberland","2015","549","Anzahl",""
"0","Region Oberland","2016","552","Anzahl",""
"0","Region Pfannenstiel","2010","545","Anzahl",""
"0","Region Pfannenstiel","2011","543","Anzahl",""
"0","Region Pfannenstiel","2012","550","Anzahl",""
"0","Region Pfannenstiel","2013","551","Anzahl",""
"0","Region Pfannenstiel","2014","546","Anzahl",""
"0","Region Pfannenstiel","2015","545","Anzahl",""
"0","Region Pfannenstiel","2016","545","Anzahl",""
"0","Region Unterland","2010","576","Anzahl",""
"0","Region Unterland","2011","577","Anzahl",""
"0","Region Unterland","2012","584","Anzahl",""
"0","Region Unterland","2013","589","Anzahl",""
"0","Region Unterland","2014","589","Anzahl",""
"0","Region Unterland","2015","594","Anzahl",""
"0","Region Unterland","2016","597","Anzahl",""
"0","Region Weinland","2010","553","Anzahl",""
"0","Region Weinland","2011","562","Anzahl",""
"0","Region Weinland","2012","571","Anzahl",""
"0","Region Weinland","2013","582","Anzahl",""
"0","Region Weinland","2014","578","Anzahl",""
"0","Region Weinland","2015","577","Anzahl",""
"0","Region Weinland","2016","579","Anzahl",""
"0","Region Winterthur u. Umg.","2010","472","Anzahl",""
"0","Region Winterthur u. Umg.","2011","472","Anzahl",""
"0","Region Winterthur u. Umg.","2012","478","Anzahl",""
"0","Region Winterthur u. Umg.","2013","480","Anzahl",""
"0","Region Winterthur u. Umg.","2014","477","Anzahl",""
"0","Region Winterthur u. Umg.","2015","479","Anzahl",""
"0","Region Winterthur u. Umg.","2016","479","Anzahl",""
"0","Region Zimmerberg","2010","503","Anzahl",""
"0","Region Zimmerberg","2011","505","Anzahl",""
"0","Region Zimmerberg","2012","509","Anzahl",""
"0","Region Zimmerberg","2013","511","Anzahl",""
"0","Region Zimmerberg","2014","509","Anzahl",""
"0","Region Zimmerberg","2015","509","Anzahl",""
"0","Region Zimmerberg","2016","507","Anzahl",""
"0","Region Zürich","2010","357","Anzahl",""
"0","Region Zürich","2011","352","Anzahl",""
"0","Region Zürich","2012","358","Anzahl",""
"0","Region Zürich","2013","355","Anzahl",""
"0","Region Zürich","2014","351","Anzahl",""
"0","Region Zürich","2015","348","Anzahl",""
"0","Region Zürich","2016","344","Anzahl",""
"0","Zürich - ganzer Kanton","2010","489","Anzahl",""
"0","Zürich - ganzer Kanton","2011","488","Anzahl",""
"0","Zürich - ganzer Kanton","2012","490","Anzahl",""
"0","Zürich - ganzer Kanton","2013","491","Anzahl",""
"0","Zürich - ganzer Kanton","2014","489","Anzahl",""
"0","Zürich - ganzer Kanton","2015","489","Anzahl",""
"0","Zürich - ganzer Kanton","2016","488","Anzahl",""
