"BFS_NR","GEBIET_NAME","INDIKATOR_JAHR","INDIKATOR_VALUE","AVG_Unfaelle_pro_Ort","Summe_aller_Unfaelle_pro_ort","EINHEIT_KURZ"
"1","Aeugst a.A.","2010","3.3","4.5","31.5","pro 1000 Einw."
"1","Aeugst a.A.","2011","6.8","4.5","31.5","pro 1000 Einw."
"1","Aeugst a.A.","2012","4.6","4.5","31.5","pro 1000 Einw."
"1","Aeugst a.A.","2013","5.1","4.5","31.5","pro 1000 Einw."
"1","Aeugst a.A.","2014","4.1","4.5","31.5","pro 1000 Einw."
"1","Aeugst a.A.","2015","3.0","4.5","31.5","pro 1000 Einw."
"1","Aeugst a.A.","2016","4.6","4.5","31.5","pro 1000 Einw."
"2","Affoltern a.A.","2010","9.0","8.26","57.8","pro 1000 Einw."
"2","Affoltern a.A.","2011","8.1","8.26","57.8","pro 1000 Einw."
"2","Affoltern a.A.","2012","7.5","8.26","57.8","pro 1000 Einw."
"2","Affoltern a.A.","2013","7.1","8.26","57.8","pro 1000 Einw."
"2","Affoltern a.A.","2014","7.9","8.26","57.8","pro 1000 Einw."
"2","Affoltern a.A.","2015","8.6","8.26","57.8","pro 1000 Einw."
"2","Affoltern a.A.","2016","9.6","8.26","57.8","pro 1000 Einw."
"3","Bonstetten","2010","7.2","5.73","40.1","pro 1000 Einw."
"3","Bonstetten","2011","5.4","5.73","40.1","pro 1000 Einw."
"3","Bonstetten","2012","5.8","5.73","40.1","pro 1000 Einw."
"3","Bonstetten","2013","5.7","5.73","40.1","pro 1000 Einw."
"3","Bonstetten","2014","6.1","5.73","40.1","pro 1000 Einw."
"3","Bonstetten","2015","5.3","5.73","40.1","pro 1000 Einw."
"3","Bonstetten","2016","4.6","5.73","40.1","pro 1000 Einw."
"4","Hausen a.A.","2010","6.2","4.87","34.1","pro 1000 Einw."
"4","Hausen a.A.","2011","4.2","4.87","34.1","pro 1000 Einw."
"4","Hausen a.A.","2012","3.6","4.87","34.1","pro 1000 Einw."
"4","Hausen a.A.","2013","4.7","4.87","34.1","pro 1000 Einw."
"4","Hausen a.A.","2014","4.3","4.87","34.1","pro 1000 Einw."
"4","Hausen a.A.","2015","5.8","4.87","34.1","pro 1000 Einw."
"4","Hausen a.A.","2016","5.3","4.87","34.1","pro 1000 Einw."
"5","Hedingen","2010","5.9","4.77","33.4","pro 1000 Einw."
"5","Hedingen","2011","4.9","4.77","33.4","pro 1000 Einw."
"5","Hedingen","2012","3.4","4.77","33.4","pro 1000 Einw."
"5","Hedingen","2013","3.1","4.77","33.4","pro 1000 Einw."
"5","Hedingen","2014","6.3","4.77","33.4","pro 1000 Einw."
"5","Hedingen","2015","6.3","4.77","33.4","pro 1000 Einw."
"5","Hedingen","2016","3.5","4.77","33.4","pro 1000 Einw."
"6","Kappel a.A.","2010","6.5","6.4","44.8","pro 1000 Einw."
"6","Kappel a.A.","2011","9.5","6.4","44.8","pro 1000 Einw."
"6","Kappel a.A.","2012","10.8","6.4","44.8","pro 1000 Einw."
"6","Kappel a.A.","2013","9.4","6.4","44.8","pro 1000 Einw."
"6","Kappel a.A.","2014","1.0","6.4","44.8","pro 1000 Einw."
"6","Kappel a.A.","2015","4.9","6.4","44.8","pro 1000 Einw."
"6","Kappel a.A.","2016","2.7","6.4","44.8","pro 1000 Einw."
"7","Knonau","2010","12.2","10.46","73.2","pro 1000 Einw."
"7","Knonau","2011","9.5","10.46","73.2","pro 1000 Einw."
"7","Knonau","2012","12.6","10.46","73.2","pro 1000 Einw."
"7","Knonau","2013","5.5","10.46","73.2","pro 1000 Einw."
"7","Knonau","2014","12.3","10.46","73.2","pro 1000 Einw."
"7","Knonau","2015","10.0","10.46","73.2","pro 1000 Einw."
"7","Knonau","2016","11.1","10.46","73.2","pro 1000 Einw."
"8","Maschwanden","2010","13.1","3.63","25.4","pro 1000 Einw."
"8","Maschwanden","2011","1.6","3.63","25.4","pro 1000 Einw."
"8","Maschwanden","2012","0.0","3.63","25.4","pro 1000 Einw."
"8","Maschwanden","2013","6.0","3.63","25.4","pro 1000 Einw."
"8","Maschwanden","2014","1.5","3.63","25.4","pro 1000 Einw."
"8","Maschwanden","2015","1.6","3.63","25.4","pro 1000 Einw."
"8","Maschwanden","2016","1.6","3.63","25.4","pro 1000 Einw."
"9","Mettmenstetten","2010","6.8","7.59","53.1","pro 1000 Einw."
"9","Mettmenstetten","2011","9.1","7.59","53.1","pro 1000 Einw."
"9","Mettmenstetten","2012","7.7","7.59","53.1","pro 1000 Einw."
"9","Mettmenstetten","2013","4.8","7.59","53.1","pro 1000 Einw."
"9","Mettmenstetten","2014","8.7","7.59","53.1","pro 1000 Einw."
"9","Mettmenstetten","2015","8.6","7.59","53.1","pro 1000 Einw."
"9","Mettmenstetten","2016","7.4","7.59","53.1","pro 1000 Einw."
"10","Obfelden","2010","11.5","11.36","79.5","pro 1000 Einw."
"10","Obfelden","2011","12.8","11.36","79.5","pro 1000 Einw."
"10","Obfelden","2012","9.3","11.36","79.5","pro 1000 Einw."
"10","Obfelden","2013","13.6","11.36","79.5","pro 1000 Einw."
"10","Obfelden","2014","10.2","11.36","79.5","pro 1000 Einw."
"10","Obfelden","2015","10.8","11.36","79.5","pro 1000 Einw."
"10","Obfelden","2016","11.3","11.36","79.5","pro 1000 Einw."
"11","Ottenbach","2010","4.1","4.63","32.4","pro 1000 Einw."
"11","Ottenbach","2011","5.3","4.63","32.4","pro 1000 Einw."
"11","Ottenbach","2012","5.6","4.63","32.4","pro 1000 Einw."
"11","Ottenbach","2013","6.9","4.63","32.4","pro 1000 Einw."
"11","Ottenbach","2014","4.3","4.63","32.4","pro 1000 Einw."
"11","Ottenbach","2015","3.1","4.63","32.4","pro 1000 Einw."
"11","Ottenbach","2016","3.1","4.63","32.4","pro 1000 Einw."
"12","Rifferswil","2010","6.7","7.97","55.8","pro 1000 Einw."
"12","Rifferswil","2011","7.5","7.97","55.8","pro 1000 Einw."
"12","Rifferswil","2012","7.3","7.97","55.8","pro 1000 Einw."
"12","Rifferswil","2013","10.4","7.97","55.8","pro 1000 Einw."
"12","Rifferswil","2014","9.0","7.97","55.8","pro 1000 Einw."
"12","Rifferswil","2015","4.7","7.97","55.8","pro 1000 Einw."
"12","Rifferswil","2016","10.2","7.97","55.8","pro 1000 Einw."
"13","Stallikon","2010","9.8","7.07","49.5","pro 1000 Einw."
"13","Stallikon","2011","8.3","7.07","49.5","pro 1000 Einw."
"13","Stallikon","2012","7.9","7.07","49.5","pro 1000 Einw."
"13","Stallikon","2013","6.9","7.07","49.5","pro 1000 Einw."
"13","Stallikon","2014","3.0","7.07","49.5","pro 1000 Einw."
"13","Stallikon","2015","7.3","7.07","49.5","pro 1000 Einw."
"13","Stallikon","2016","6.3","7.07","49.5","pro 1000 Einw."
"14","Wettswil a.A.","2010","9.1","7.71","54","pro 1000 Einw."
"14","Wettswil a.A.","2011","7.0","7.71","54","pro 1000 Einw."
"14","Wettswil a.A.","2012","9.0","7.71","54","pro 1000 Einw."
"14","Wettswil a.A.","2013","8.4","7.71","54","pro 1000 Einw."
"14","Wettswil a.A.","2014","5.9","7.71","54","pro 1000 Einw."
"14","Wettswil a.A.","2015","7.5","7.71","54","pro 1000 Einw."
"14","Wettswil a.A.","2016","7.1","7.71","54","pro 1000 Einw."
"21","Adlikon","2010","27.7","23.54","164.8","pro 1000 Einw."
"21","Adlikon","2011","27.6","23.54","164.8","pro 1000 Einw."
"21","Adlikon","2012","26.7","23.54","164.8","pro 1000 Einw."
"21","Adlikon","2013","26.2","23.54","164.8","pro 1000 Einw."
"21","Adlikon","2014","27.9","23.54","164.8","pro 1000 Einw."
"21","Adlikon","2015","16.6","23.54","164.8","pro 1000 Einw."
"21","Adlikon","2016","12.1","23.54","164.8","pro 1000 Einw."
"22","Benken","2010","10.0","12.19","85.3","pro 1000 Einw."
"22","Benken","2011","18.3","12.19","85.3","pro 1000 Einw."
"22","Benken","2012","10.9","12.19","85.3","pro 1000 Einw."
"22","Benken","2013","7.2","12.19","85.3","pro 1000 Einw."
"22","Benken","2014","13.3","12.19","85.3","pro 1000 Einw."
"22","Benken","2015","12.8","12.19","85.3","pro 1000 Einw."
"22","Benken","2016","12.8","12.19","85.3","pro 1000 Einw."
"23","Berg a.I.","2010","1.7","4.94","34.6","pro 1000 Einw."
"23","Berg a.I.","2011","6.8","4.94","34.6","pro 1000 Einw."
"23","Berg a.I.","2012","1.7","4.94","34.6","pro 1000 Einw."
"23","Berg a.I.","2013","10.4","4.94","34.6","pro 1000 Einw."
"23","Berg a.I.","2014","5.2","4.94","34.6","pro 1000 Einw."
"23","Berg a.I.","2015","5.3","4.94","34.6","pro 1000 Einw."
"23","Berg a.I.","2016","3.5","4.94","34.6","pro 1000 Einw."
"24","Buch a.I.","2010","3.4","3.1","21.7","pro 1000 Einw."
"24","Buch a.I.","2011","2.2","3.1","21.7","pro 1000 Einw."
"24","Buch a.I.","2012","2.2","3.1","21.7","pro 1000 Einw."
"24","Buch a.I.","2013","3.3","3.1","21.7","pro 1000 Einw."
"24","Buch a.I.","2014","4.3","3.1","21.7","pro 1000 Einw."
"24","Buch a.I.","2015","2.1","3.1","21.7","pro 1000 Einw."
"24","Buch a.I.","2016","4.2","3.1","21.7","pro 1000 Einw."
"25","Dachsen","2010","5.2","4.13","28.9","pro 1000 Einw."
"25","Dachsen","2011","4.6","4.13","28.9","pro 1000 Einw."
"25","Dachsen","2012","3.1","4.13","28.9","pro 1000 Einw."
"25","Dachsen","2013","3.5","4.13","28.9","pro 1000 Einw."
"25","Dachsen","2014","4.5","4.13","28.9","pro 1000 Einw."
"25","Dachsen","2015","3.5","4.13","28.9","pro 1000 Einw."
"25","Dachsen","2016","4.5","4.13","28.9","pro 1000 Einw."
"26","Dorf","2010","11.1","3.63","25.4","pro 1000 Einw."
"26","Dorf","2011","1.6","3.63","25.4","pro 1000 Einw."
"26","Dorf","2012","0.0","3.63","25.4","pro 1000 Einw."
"26","Dorf","2013","3.2","3.63","25.4","pro 1000 Einw."
"26","Dorf","2014","3.1","3.63","25.4","pro 1000 Einw."
"26","Dorf","2015","0.0","3.63","25.4","pro 1000 Einw."
"26","Dorf","2016","6.4","3.63","25.4","pro 1000 Einw."
"27","Feuerthalen","2010","8.7","6.9","48.3","pro 1000 Einw."
"27","Feuerthalen","2011","5.8","6.9","48.3","pro 1000 Einw."
"27","Feuerthalen","2012","6.4","6.9","48.3","pro 1000 Einw."
"27","Feuerthalen","2013","6.3","6.9","48.3","pro 1000 Einw."
"27","Feuerthalen","2014","4.6","6.9","48.3","pro 1000 Einw."
"27","Feuerthalen","2015","7.9","6.9","48.3","pro 1000 Einw."
"27","Feuerthalen","2016","8.6","6.9","48.3","pro 1000 Einw."
"28","Flaach","2010","4.9","6.11","42.8","pro 1000 Einw."
"28","Flaach","2011","3.2","6.11","42.8","pro 1000 Einw."
"28","Flaach","2012","4.5","6.11","42.8","pro 1000 Einw."
"28","Flaach","2013","5.2","6.11","42.8","pro 1000 Einw."
"28","Flaach","2014","7.3","6.11","42.8","pro 1000 Einw."
"28","Flaach","2015","14.0","6.11","42.8","pro 1000 Einw."
"28","Flaach","2016","3.7","6.11","42.8","pro 1000 Einw."
"29","Flurlingen","2010","7.0","8.34","58.4","pro 1000 Einw."
"29","Flurlingen","2011","6.3","8.34","58.4","pro 1000 Einw."
"29","Flurlingen","2012","7.1","8.34","58.4","pro 1000 Einw."
"29","Flurlingen","2013","9.3","8.34","58.4","pro 1000 Einw."
"29","Flurlingen","2014","7.7","8.34","58.4","pro 1000 Einw."
"29","Flurlingen","2015","7.0","8.34","58.4","pro 1000 Einw."
"29","Flurlingen","2016","14.0","8.34","58.4","pro 1000 Einw."
"30","Andelfingen","2010","10.8","9.43","66","pro 1000 Einw."
"30","Andelfingen","2011","8.5","9.43","66","pro 1000 Einw."
"30","Andelfingen","2012","12.1","9.43","66","pro 1000 Einw."
"30","Andelfingen","2013","6.2","9.43","66","pro 1000 Einw."
"30","Andelfingen","2014","7.9","9.43","66","pro 1000 Einw."
"30","Andelfingen","2015","11.5","9.43","66","pro 1000 Einw."
"30","Andelfingen","2016","9.0","9.43","66","pro 1000 Einw."
"31","Henggart","2010","14.5","10.71","75","pro 1000 Einw."
"31","Henggart","2011","11.2","10.71","75","pro 1000 Einw."
"31","Henggart","2012","6.7","10.71","75","pro 1000 Einw."
"31","Henggart","2013","11.9","10.71","75","pro 1000 Einw."
"31","Henggart","2014","7.5","10.71","75","pro 1000 Einw."
"31","Henggart","2015","10.7","10.71","75","pro 1000 Einw."
"31","Henggart","2016","12.5","10.71","75","pro 1000 Einw."
"32","Humlikon","2010","11.0","13.49","94.4","pro 1000 Einw."
"32","Humlikon","2011","10.5","13.49","94.4","pro 1000 Einw."
"32","Humlikon","2012","18.6","13.49","94.4","pro 1000 Einw."
"32","Humlikon","2013","4.1","13.49","94.4","pro 1000 Einw."
"32","Humlikon","2014","6.0","13.49","94.4","pro 1000 Einw."
"32","Humlikon","2015","9.9","13.49","94.4","pro 1000 Einw."
"32","Humlikon","2016","34.3","13.49","94.4","pro 1000 Einw."
"33","Kleinandelfingen","2010","15.9","14.64","102.5","pro 1000 Einw."
"33","Kleinandelfingen","2011","17.3","14.64","102.5","pro 1000 Einw."
"33","Kleinandelfingen","2012","10.0","14.64","102.5","pro 1000 Einw."
"33","Kleinandelfingen","2013","14.2","14.64","102.5","pro 1000 Einw."
"33","Kleinandelfingen","2014","12.6","14.64","102.5","pro 1000 Einw."
"33","Kleinandelfingen","2015","16.0","14.64","102.5","pro 1000 Einw."
"33","Kleinandelfingen","2016","16.5","14.64","102.5","pro 1000 Einw."
"34","Laufen-Uhwiesen","2010","9.9","8.94","62.6","pro 1000 Einw."
"34","Laufen-Uhwiesen","2011","13.7","8.94","62.6","pro 1000 Einw."
"34","Laufen-Uhwiesen","2012","11.5","8.94","62.6","pro 1000 Einw."
"34","Laufen-Uhwiesen","2013","7.4","8.94","62.6","pro 1000 Einw."
"34","Laufen-Uhwiesen","2014","5.5","8.94","62.6","pro 1000 Einw."
"34","Laufen-Uhwiesen","2015","5.5","8.94","62.6","pro 1000 Einw."
"34","Laufen-Uhwiesen","2016","9.1","8.94","62.6","pro 1000 Einw."
"35","Marthalen","2010","8.3","8.69","60.8","pro 1000 Einw."
"35","Marthalen","2011","8.1","8.69","60.8","pro 1000 Einw."
"35","Marthalen","2012","9.2","8.69","60.8","pro 1000 Einw."
"35","Marthalen","2013","7.1","8.69","60.8","pro 1000 Einw."
"35","Marthalen","2014","7.0","8.69","60.8","pro 1000 Einw."
"35","Marthalen","2015","7.7","8.69","60.8","pro 1000 Einw."
"35","Marthalen","2016","13.4","8.69","60.8","pro 1000 Einw."
"36","Oberstammheim","2010","4.6","2.4","16.8","pro 1000 Einw."
"36","Oberstammheim","2011","0.0","2.4","16.8","pro 1000 Einw."
"36","Oberstammheim","2012","2.7","2.4","16.8","pro 1000 Einw."
"36","Oberstammheim","2013","7.0","2.4","16.8","pro 1000 Einw."
"36","Oberstammheim","2014","0.0","2.4","16.8","pro 1000 Einw."
"36","Oberstammheim","2015","1.7","2.4","16.8","pro 1000 Einw."
"36","Oberstammheim","2016","0.8","2.4","16.8","pro 1000 Einw."
"37","Ossingen","2010","8.9","6.74","47.2","pro 1000 Einw."
"37","Ossingen","2011","8.1","6.74","47.2","pro 1000 Einw."
"37","Ossingen","2012","5.2","6.74","47.2","pro 1000 Einw."
"37","Ossingen","2013","8.1","6.74","47.2","pro 1000 Einw."
"37","Ossingen","2014","6.5","6.74","47.2","pro 1000 Einw."
"37","Ossingen","2015","5.6","6.74","47.2","pro 1000 Einw."
"37","Ossingen","2016","4.8","6.74","47.2","pro 1000 Einw."
"38","Rheinau","2010","7.7","6.4","44.8","pro 1000 Einw."
"38","Rheinau","2011","5.3","6.4","44.8","pro 1000 Einw."
"38","Rheinau","2012","5.2","6.4","44.8","pro 1000 Einw."
"38","Rheinau","2013","3.0","6.4","44.8","pro 1000 Einw."
"38","Rheinau","2014","6.1","6.4","44.8","pro 1000 Einw."
"38","Rheinau","2015","11.4","6.4","44.8","pro 1000 Einw."
"38","Rheinau","2016","6.1","6.4","44.8","pro 1000 Einw."
"39","Thalheim a.d.Th.","2010","6.1","6.26","43.8","pro 1000 Einw."
"39","Thalheim a.d.Th.","2011","2.3","6.26","43.8","pro 1000 Einw."
"39","Thalheim a.d.Th.","2012","7.8","6.26","43.8","pro 1000 Einw."
"39","Thalheim a.d.Th.","2013","6.6","6.26","43.8","pro 1000 Einw."
"39","Thalheim a.d.Th.","2014","5.5","6.26","43.8","pro 1000 Einw."
"39","Thalheim a.d.Th.","2015","8.9","6.26","43.8","pro 1000 Einw."
"39","Thalheim a.d.Th.","2016","6.6","6.26","43.8","pro 1000 Einw."
"40","Trüllikon","2010","12.1","7.54","52.8","pro 1000 Einw."
"40","Trüllikon","2011","5.0","7.54","52.8","pro 1000 Einw."
"40","Trüllikon","2012","11.2","7.54","52.8","pro 1000 Einw."
"40","Trüllikon","2013","8.1","7.54","52.8","pro 1000 Einw."
"40","Trüllikon","2014","5.9","7.54","52.8","pro 1000 Einw."
"40","Trüllikon","2015","3.0","7.54","52.8","pro 1000 Einw."
"40","Trüllikon","2016","7.5","7.54","52.8","pro 1000 Einw."
"41","Truttikon","2010","6.3","5.5","38.5","pro 1000 Einw."
"41","Truttikon","2011","0.0","5.5","38.5","pro 1000 Einw."
"41","Truttikon","2012","2.2","5.5","38.5","pro 1000 Einw."
"41","Truttikon","2013","2.2","5.5","38.5","pro 1000 Einw."
"41","Truttikon","2014","8.6","5.5","38.5","pro 1000 Einw."
"41","Truttikon","2015","8.5","5.5","38.5","pro 1000 Einw."
"41","Truttikon","2016","10.7","5.5","38.5","pro 1000 Einw."
"42","Unterstammheim","2010","17.1","9.49","66.4","pro 1000 Einw."
"42","Unterstammheim","2011","7.9","9.49","66.4","pro 1000 Einw."
"42","Unterstammheim","2012","10.5","9.49","66.4","pro 1000 Einw."
"42","Unterstammheim","2013","6.8","9.49","66.4","pro 1000 Einw."
"42","Unterstammheim","2014","7.8","9.49","66.4","pro 1000 Einw."
"42","Unterstammheim","2015","11.9","9.49","66.4","pro 1000 Einw."
"42","Unterstammheim","2016","4.4","9.49","66.4","pro 1000 Einw."
"43","Volken","2010","3.2","4.07","28.5","pro 1000 Einw."
"43","Volken","2011","6.5","4.07","28.5","pro 1000 Einw."
"43","Volken","2012","9.6","4.07","28.5","pro 1000 Einw."
"43","Volken","2013","3.3","4.07","28.5","pro 1000 Einw."
"43","Volken","2014","0.0","4.07","28.5","pro 1000 Einw."
"43","Volken","2015","2.9","4.07","28.5","pro 1000 Einw."
"43","Volken","2016","3.0","4.07","28.5","pro 1000 Einw."
"44","Waltalingen","2010","1.4","3.97","27.8","pro 1000 Einw."
"44","Waltalingen","2011","7.3","3.97","27.8","pro 1000 Einw."
"44","Waltalingen","2012","0.0","3.97","27.8","pro 1000 Einw."
"44","Waltalingen","2013","4.3","3.97","27.8","pro 1000 Einw."
"44","Waltalingen","2014","5.9","3.97","27.8","pro 1000 Einw."
"44","Waltalingen","2015","5.9","3.97","27.8","pro 1000 Einw."
"44","Waltalingen","2016","3.0","3.97","27.8","pro 1000 Einw."
"51","Bachenbülach","2010","7.5","8.86","62","pro 1000 Einw."
"51","Bachenbülach","2011","9.5","8.86","62","pro 1000 Einw."
"51","Bachenbülach","2012","9.2","8.86","62","pro 1000 Einw."
"51","Bachenbülach","2013","9.2","8.86","62","pro 1000 Einw."
"51","Bachenbülach","2014","8.6","8.86","62","pro 1000 Einw."
"51","Bachenbülach","2015","9.4","8.86","62","pro 1000 Einw."
"51","Bachenbülach","2016","8.6","8.86","62","pro 1000 Einw."
"52","Bassersdorf","2010","7.7","7.14","50","pro 1000 Einw."
"52","Bassersdorf","2011","7.0","7.14","50","pro 1000 Einw."
"52","Bassersdorf","2012","8.0","7.14","50","pro 1000 Einw."
"52","Bassersdorf","2013","7.1","7.14","50","pro 1000 Einw."
"52","Bassersdorf","2014","6.4","7.14","50","pro 1000 Einw."
"52","Bassersdorf","2015","7.3","7.14","50","pro 1000 Einw."
"52","Bassersdorf","2016","6.5","7.14","50","pro 1000 Einw."
"53","Bülach","2010","11.6","9.91","69.4","pro 1000 Einw."
"53","Bülach","2011","9.7","9.91","69.4","pro 1000 Einw."
"53","Bülach","2012","10.1","9.91","69.4","pro 1000 Einw."
"53","Bülach","2013","9.3","9.91","69.4","pro 1000 Einw."
"53","Bülach","2014","9.3","9.91","69.4","pro 1000 Einw."
"53","Bülach","2015","10.0","9.91","69.4","pro 1000 Einw."
"53","Bülach","2016","9.4","9.91","69.4","pro 1000 Einw."
"54","Dietlikon","2010","15.3","14.67","102.7","pro 1000 Einw."
"54","Dietlikon","2011","15.6","14.67","102.7","pro 1000 Einw."
"54","Dietlikon","2012","16.2","14.67","102.7","pro 1000 Einw."
"54","Dietlikon","2013","14.5","14.67","102.7","pro 1000 Einw."
"54","Dietlikon","2014","14.4","14.67","102.7","pro 1000 Einw."
"54","Dietlikon","2015","13.1","14.67","102.7","pro 1000 Einw."
"54","Dietlikon","2016","13.6","14.67","102.7","pro 1000 Einw."
"55","Eglisau","2010","10.7","8.5","59.5","pro 1000 Einw."
"55","Eglisau","2011","6.2","8.5","59.5","pro 1000 Einw."
"55","Eglisau","2012","9.4","8.5","59.5","pro 1000 Einw."
"55","Eglisau","2013","8.9","8.5","59.5","pro 1000 Einw."
"55","Eglisau","2014","8.9","8.5","59.5","pro 1000 Einw."
"55","Eglisau","2015","8.2","8.5","59.5","pro 1000 Einw."
"55","Eglisau","2016","7.2","8.5","59.5","pro 1000 Einw."
"56","Embrach","2010","6.5","6.79","47.5","pro 1000 Einw."
"56","Embrach","2011","6.1","6.79","47.5","pro 1000 Einw."
"56","Embrach","2012","6.5","6.79","47.5","pro 1000 Einw."
"56","Embrach","2013","7.5","6.79","47.5","pro 1000 Einw."
"56","Embrach","2014","5.9","6.79","47.5","pro 1000 Einw."
"56","Embrach","2015","6.8","6.79","47.5","pro 1000 Einw."
"56","Embrach","2016","8.2","6.79","47.5","pro 1000 Einw."
"57","Freienstein-Teufen","2010","5.2","5.07","35.5","pro 1000 Einw."
"57","Freienstein-Teufen","2011","4.8","5.07","35.5","pro 1000 Einw."
"57","Freienstein-Teufen","2012","4.7","5.07","35.5","pro 1000 Einw."
"57","Freienstein-Teufen","2013","6.6","5.07","35.5","pro 1000 Einw."
"57","Freienstein-Teufen","2014","3.9","5.07","35.5","pro 1000 Einw."
"57","Freienstein-Teufen","2015","5.6","5.07","35.5","pro 1000 Einw."
"57","Freienstein-Teufen","2016","4.7","5.07","35.5","pro 1000 Einw."
"58","Glattfelden","2010","8.5","6.51","45.6","pro 1000 Einw."
"58","Glattfelden","2011","6.7","6.51","45.6","pro 1000 Einw."
"58","Glattfelden","2012","5.3","6.51","45.6","pro 1000 Einw."
"58","Glattfelden","2013","7.1","6.51","45.6","pro 1000 Einw."
"58","Glattfelden","2014","5.2","6.51","45.6","pro 1000 Einw."
"58","Glattfelden","2015","5.1","6.51","45.6","pro 1000 Einw."
"58","Glattfelden","2016","7.7","6.51","45.6","pro 1000 Einw."
"59","Hochfelden","2010","4.0","4.7","32.9","pro 1000 Einw."
"59","Hochfelden","2011","4.5","4.7","32.9","pro 1000 Einw."
"59","Hochfelden","2012","4.9","4.7","32.9","pro 1000 Einw."
"59","Hochfelden","2013","5.0","4.7","32.9","pro 1000 Einw."
"59","Hochfelden","2014","6.4","4.7","32.9","pro 1000 Einw."
"59","Hochfelden","2015","3.5","4.7","32.9","pro 1000 Einw."
"59","Hochfelden","2016","4.6","4.7","32.9","pro 1000 Einw."
"60","Höri","2010","10.2","11.56","80.9","pro 1000 Einw."
"60","Höri","2011","11.0","11.56","80.9","pro 1000 Einw."
"60","Höri","2012","11.9","11.56","80.9","pro 1000 Einw."
"60","Höri","2013","11.4","11.56","80.9","pro 1000 Einw."
"60","Höri","2014","9.4","11.56","80.9","pro 1000 Einw."
"60","Höri","2015","14.4","11.56","80.9","pro 1000 Einw."
"60","Höri","2016","12.6","11.56","80.9","pro 1000 Einw."
"61","Hüntwangen","2010","10.6","15.33","107.3","pro 1000 Einw."
"61","Hüntwangen","2011","14.6","15.33","107.3","pro 1000 Einw."
"61","Hüntwangen","2012","18.0","15.33","107.3","pro 1000 Einw."
"61","Hüntwangen","2013","13.9","15.33","107.3","pro 1000 Einw."
"61","Hüntwangen","2014","20.7","15.33","107.3","pro 1000 Einw."
"61","Hüntwangen","2015","14.8","15.33","107.3","pro 1000 Einw."
"61","Hüntwangen","2016","14.7","15.33","107.3","pro 1000 Einw."
"62","Kloten","2010","21.7","21.67","151.7","pro 1000 Einw."
"62","Kloten","2011","18.6","21.67","151.7","pro 1000 Einw."
"62","Kloten","2012","21.8","21.67","151.7","pro 1000 Einw."
"62","Kloten","2013","21.7","21.67","151.7","pro 1000 Einw."
"62","Kloten","2014","21.4","21.67","151.7","pro 1000 Einw."
"62","Kloten","2015","21.6","21.67","151.7","pro 1000 Einw."
"62","Kloten","2016","24.9","21.67","151.7","pro 1000 Einw."
"63","Lufingen","2010","9.1","7.96","55.7","pro 1000 Einw."
"63","Lufingen","2011","5.5","7.96","55.7","pro 1000 Einw."
"63","Lufingen","2012","4.4","7.96","55.7","pro 1000 Einw."
"63","Lufingen","2013","7.5","7.96","55.7","pro 1000 Einw."
"63","Lufingen","2014","10.4","7.96","55.7","pro 1000 Einw."
"63","Lufingen","2015","10.2","7.96","55.7","pro 1000 Einw."
"63","Lufingen","2016","8.6","7.96","55.7","pro 1000 Einw."
"64","Nürensdorf","2010","2.3","2.89","20.2","pro 1000 Einw."
"64","Nürensdorf","2011","3.3","2.89","20.2","pro 1000 Einw."
"64","Nürensdorf","2012","3.6","2.89","20.2","pro 1000 Einw."
"64","Nürensdorf","2013","3.2","2.89","20.2","pro 1000 Einw."
"64","Nürensdorf","2014","2.2","2.89","20.2","pro 1000 Einw."
"64","Nürensdorf","2015","2.6","2.89","20.2","pro 1000 Einw."
"64","Nürensdorf","2016","3.0","2.89","20.2","pro 1000 Einw."
"65","Oberembrach","2010","10.4","13.16","92.1","pro 1000 Einw."
"65","Oberembrach","2011","17.0","13.16","92.1","pro 1000 Einw."
"65","Oberembrach","2012","14.6","13.16","92.1","pro 1000 Einw."
"65","Oberembrach","2013","10.1","13.16","92.1","pro 1000 Einw."
"65","Oberembrach","2014","16.5","13.16","92.1","pro 1000 Einw."
"65","Oberembrach","2015","14.1","13.16","92.1","pro 1000 Einw."
"65","Oberembrach","2016","9.4","13.16","92.1","pro 1000 Einw."
"66","Opfikon","2010","16.7","15.9","111.3","pro 1000 Einw."
"66","Opfikon","2011","16.0","15.9","111.3","pro 1000 Einw."
"66","Opfikon","2012","14.3","15.9","111.3","pro 1000 Einw."
"66","Opfikon","2013","17.4","15.9","111.3","pro 1000 Einw."
"66","Opfikon","2014","16.6","15.9","111.3","pro 1000 Einw."
"66","Opfikon","2015","13.8","15.9","111.3","pro 1000 Einw."
"66","Opfikon","2016","16.5","15.9","111.3","pro 1000 Einw."
"67","Rafz","2010","4.2","4.43","31","pro 1000 Einw."
"67","Rafz","2011","3.2","4.43","31","pro 1000 Einw."
"67","Rafz","2012","4.9","4.43","31","pro 1000 Einw."
"67","Rafz","2013","4.6","4.43","31","pro 1000 Einw."
"67","Rafz","2014","3.5","4.43","31","pro 1000 Einw."
"67","Rafz","2015","5.8","4.43","31","pro 1000 Einw."
"67","Rafz","2016","4.8","4.43","31","pro 1000 Einw."
"68","Rorbas","2010","8.1","8.1","56.7","pro 1000 Einw."
"68","Rorbas","2011","10.1","8.1","56.7","pro 1000 Einw."
"68","Rorbas","2012","10.0","8.1","56.7","pro 1000 Einw."
"68","Rorbas","2013","8.1","8.1","56.7","pro 1000 Einw."
"68","Rorbas","2014","5.2","8.1","56.7","pro 1000 Einw."
"68","Rorbas","2015","7.7","8.1","56.7","pro 1000 Einw."
"68","Rorbas","2016","7.5","8.1","56.7","pro 1000 Einw."
"69","Wallisellen","2010","23.0","23.54","164.8","pro 1000 Einw."
"69","Wallisellen","2011","25.1","23.54","164.8","pro 1000 Einw."
"69","Wallisellen","2012","22.8","23.54","164.8","pro 1000 Einw."
"69","Wallisellen","2013","23.3","23.54","164.8","pro 1000 Einw."
"69","Wallisellen","2014","24.2","23.54","164.8","pro 1000 Einw."
"69","Wallisellen","2015","22.0","23.54","164.8","pro 1000 Einw."
"69","Wallisellen","2016","24.4","23.54","164.8","pro 1000 Einw."
"70","Wasterkingen","2010","1.8","1.79","12.5","pro 1000 Einw."
"70","Wasterkingen","2011","0.0","1.79","12.5","pro 1000 Einw."
"70","Wasterkingen","2012","3.7","1.79","12.5","pro 1000 Einw."
"70","Wasterkingen","2013","1.7","1.79","12.5","pro 1000 Einw."
"70","Wasterkingen","2014","5.3","1.79","12.5","pro 1000 Einw."
"70","Wasterkingen","2015","0.0","1.79","12.5","pro 1000 Einw."
"70","Wasterkingen","2016","0.0","1.79","12.5","pro 1000 Einw."
"71","Wil","2010","11.7","9.7","67.9","pro 1000 Einw."
"71","Wil","2011","6.2","9.7","67.9","pro 1000 Einw."
"71","Wil","2012","10.8","9.7","67.9","pro 1000 Einw."
"71","Wil","2013","8.4","9.7","67.9","pro 1000 Einw."
"71","Wil","2014","13.3","9.7","67.9","pro 1000 Einw."
"71","Wil","2015","11.6","9.7","67.9","pro 1000 Einw."
"71","Wil","2016","5.9","9.7","67.9","pro 1000 Einw."
"72","Winkel","2010","6.9","7.49","52.4","pro 1000 Einw."
"72","Winkel","2011","5.9","7.49","52.4","pro 1000 Einw."
"72","Winkel","2012","7.6","7.49","52.4","pro 1000 Einw."
"72","Winkel","2013","8.4","7.49","52.4","pro 1000 Einw."
"72","Winkel","2014","7.7","7.49","52.4","pro 1000 Einw."
"72","Winkel","2015","9.0","7.49","52.4","pro 1000 Einw."
"72","Winkel","2016","6.9","7.49","52.4","pro 1000 Einw."
"81","Bachs","2010","3.5","4.84","33.9","pro 1000 Einw."
"81","Bachs","2011","1.8","4.84","33.9","pro 1000 Einw."
"81","Bachs","2012","5.2","4.84","33.9","pro 1000 Einw."
"81","Bachs","2013","6.6","4.84","33.9","pro 1000 Einw."
"81","Bachs","2014","1.7","4.84","33.9","pro 1000 Einw."
"81","Bachs","2015","5.1","4.84","33.9","pro 1000 Einw."
"81","Bachs","2016","10.0","4.84","33.9","pro 1000 Einw."
"82","Boppelsen","2010","3.1","3.07","21.5","pro 1000 Einw."
"82","Boppelsen","2011","2.3","3.07","21.5","pro 1000 Einw."
"82","Boppelsen","2012","2.4","3.07","21.5","pro 1000 Einw."
"82","Boppelsen","2013","2.3","3.07","21.5","pro 1000 Einw."
"82","Boppelsen","2014","2.3","3.07","21.5","pro 1000 Einw."
"82","Boppelsen","2015","3.8","3.07","21.5","pro 1000 Einw."
"82","Boppelsen","2016","5.3","3.07","21.5","pro 1000 Einw."
"83","Buchs","2010","7.2","6.69","46.8","pro 1000 Einw."
"83","Buchs","2011","6.1","6.69","46.8","pro 1000 Einw."
"83","Buchs","2012","6.3","6.69","46.8","pro 1000 Einw."
"83","Buchs","2013","7.9","6.69","46.8","pro 1000 Einw."
"83","Buchs","2014","6.0","6.69","46.8","pro 1000 Einw."
"83","Buchs","2015","7.0","6.69","46.8","pro 1000 Einw."
"83","Buchs","2016","6.3","6.69","46.8","pro 1000 Einw."
"84","Dällikon","2010","5.8","6.24","43.7","pro 1000 Einw."
"84","Dällikon","2011","6.3","6.24","43.7","pro 1000 Einw."
"84","Dällikon","2012","7.3","6.24","43.7","pro 1000 Einw."
"84","Dällikon","2013","7.2","6.24","43.7","pro 1000 Einw."
"84","Dällikon","2014","5.4","6.24","43.7","pro 1000 Einw."
"84","Dällikon","2015","6.3","6.24","43.7","pro 1000 Einw."
"84","Dällikon","2016","5.4","6.24","43.7","pro 1000 Einw."
"85","Dänikon","2010","5.3","3","21","pro 1000 Einw."
"85","Dänikon","2011","4.2","3","21","pro 1000 Einw."
"85","Dänikon","2012","1.0","3","21","pro 1000 Einw."
"85","Dänikon","2013","2.1","3","21","pro 1000 Einw."
"85","Dänikon","2014","4.1","3","21","pro 1000 Einw."
"85","Dänikon","2015","1.1","3","21","pro 1000 Einw."
"85","Dänikon","2016","3.2","3","21","pro 1000 Einw."
"86","Dielsdorf","2010","12.8","12.3","86.1","pro 1000 Einw."
"86","Dielsdorf","2011","11.6","12.3","86.1","pro 1000 Einw."
"86","Dielsdorf","2012","11.1","12.3","86.1","pro 1000 Einw."
"86","Dielsdorf","2013","9.4","12.3","86.1","pro 1000 Einw."
"86","Dielsdorf","2014","15.1","12.3","86.1","pro 1000 Einw."
"86","Dielsdorf","2015","11.5","12.3","86.1","pro 1000 Einw."
"86","Dielsdorf","2016","14.6","12.3","86.1","pro 1000 Einw."
"87","Hüttikon","2010","1.5","4.54","31.8","pro 1000 Einw."
"87","Hüttikon","2011","4.5","4.54","31.8","pro 1000 Einw."
"87","Hüttikon","2012","6.0","4.54","31.8","pro 1000 Einw."
"87","Hüttikon","2013","7.4","4.54","31.8","pro 1000 Einw."
"87","Hüttikon","2014","5.7","4.54","31.8","pro 1000 Einw."
"87","Hüttikon","2015","3.4","4.54","31.8","pro 1000 Einw."
"87","Hüttikon","2016","3.3","4.54","31.8","pro 1000 Einw."
"88","Neerach","2010","10.4","6.86","48","pro 1000 Einw."
"88","Neerach","2011","4.0","6.86","48","pro 1000 Einw."
"88","Neerach","2012","7.3","6.86","48","pro 1000 Einw."
"88","Neerach","2013","6.0","6.86","48","pro 1000 Einw."
"88","Neerach","2014","7.0","6.86","48","pro 1000 Einw."
"88","Neerach","2015","4.9","6.86","48","pro 1000 Einw."
"88","Neerach","2016","8.4","6.86","48","pro 1000 Einw."
"89","Niederglatt","2010","4.2","3.94","27.6","pro 1000 Einw."
"89","Niederglatt","2011","4.2","3.94","27.6","pro 1000 Einw."
"89","Niederglatt","2012","4.2","3.94","27.6","pro 1000 Einw."
"89","Niederglatt","2013","3.9","3.94","27.6","pro 1000 Einw."
"89","Niederglatt","2014","2.8","3.94","27.6","pro 1000 Einw."
"89","Niederglatt","2015","3.6","3.94","27.6","pro 1000 Einw."
"89","Niederglatt","2016","4.7","3.94","27.6","pro 1000 Einw."
"90","Niederhasli","2010","8.0","6.27","43.9","pro 1000 Einw."
"90","Niederhasli","2011","5.2","6.27","43.9","pro 1000 Einw."
"90","Niederhasli","2012","6.5","6.27","43.9","pro 1000 Einw."
"90","Niederhasli","2013","5.2","6.27","43.9","pro 1000 Einw."
"90","Niederhasli","2014","5.3","6.27","43.9","pro 1000 Einw."
"90","Niederhasli","2015","6.2","6.27","43.9","pro 1000 Einw."
"90","Niederhasli","2016","7.5","6.27","43.9","pro 1000 Einw."
"91","Niederweningen","2010","4.4","3.17","22.2","pro 1000 Einw."
"91","Niederweningen","2011","1.8","3.17","22.2","pro 1000 Einw."
"91","Niederweningen","2012","4.4","3.17","22.2","pro 1000 Einw."
"91","Niederweningen","2013","2.9","3.17","22.2","pro 1000 Einw."
"91","Niederweningen","2014","2.8","3.17","22.2","pro 1000 Einw."
"91","Niederweningen","2015","2.1","3.17","22.2","pro 1000 Einw."
"91","Niederweningen","2016","3.8","3.17","22.2","pro 1000 Einw."
"92","Oberglatt","2010","6.8","6.69","46.8","pro 1000 Einw."
"92","Oberglatt","2011","4.5","6.69","46.8","pro 1000 Einw."
"92","Oberglatt","2012","5.6","6.69","46.8","pro 1000 Einw."
"92","Oberglatt","2013","7.3","6.69","46.8","pro 1000 Einw."
"92","Oberglatt","2014","7.8","6.69","46.8","pro 1000 Einw."
"92","Oberglatt","2015","6.9","6.69","46.8","pro 1000 Einw."
"92","Oberglatt","2016","7.9","6.69","46.8","pro 1000 Einw."
"93","Oberweningen","2010","1.1","1.86","13","pro 1000 Einw."
"93","Oberweningen","2011","1.7","1.86","13","pro 1000 Einw."
"93","Oberweningen","2012","2.9","1.86","13","pro 1000 Einw."
"93","Oberweningen","2013","1.1","1.86","13","pro 1000 Einw."
"93","Oberweningen","2014","2.2","1.86","13","pro 1000 Einw."
"93","Oberweningen","2015","0.6","1.86","13","pro 1000 Einw."
"93","Oberweningen","2016","3.4","1.86","13","pro 1000 Einw."
"94","Otelfingen","2010","12.2","9.89","69.2","pro 1000 Einw."
"94","Otelfingen","2011","11.9","9.89","69.2","pro 1000 Einw."
"94","Otelfingen","2012","9.5","9.89","69.2","pro 1000 Einw."
"94","Otelfingen","2013","8.1","9.89","69.2","pro 1000 Einw."
"94","Otelfingen","2014","7.5","9.89","69.2","pro 1000 Einw."
"94","Otelfingen","2015","10.4","9.89","69.2","pro 1000 Einw."
"94","Otelfingen","2016","9.6","9.89","69.2","pro 1000 Einw."
"95","Regensberg","2010","8.2","13.46","94.2","pro 1000 Einw."
"95","Regensberg","2011","6.0","13.46","94.2","pro 1000 Einw."
"95","Regensberg","2012","6.1","13.46","94.2","pro 1000 Einw."
"95","Regensberg","2013","14.4","13.46","94.2","pro 1000 Einw."
"95","Regensberg","2014","12.3","13.46","94.2","pro 1000 Einw."
"95","Regensberg","2015","34.4","13.46","94.2","pro 1000 Einw."
"95","Regensberg","2016","12.8","13.46","94.2","pro 1000 Einw."
"96","Regensdorf","2010","19.4","18.94","132.6","pro 1000 Einw."
"96","Regensdorf","2011","19.4","18.94","132.6","pro 1000 Einw."
"96","Regensdorf","2012","19.3","18.94","132.6","pro 1000 Einw."
"96","Regensdorf","2013","18.9","18.94","132.6","pro 1000 Einw."
"96","Regensdorf","2014","19.3","18.94","132.6","pro 1000 Einw."
"96","Regensdorf","2015","19.0","18.94","132.6","pro 1000 Einw."
"96","Regensdorf","2016","17.3","18.94","132.6","pro 1000 Einw."
"97","Rümlang","2010","22.5","20.51","143.6","pro 1000 Einw."
"97","Rümlang","2011","22.0","20.51","143.6","pro 1000 Einw."
"97","Rümlang","2012","17.7","20.51","143.6","pro 1000 Einw."
"97","Rümlang","2013","17.6","20.51","143.6","pro 1000 Einw."
"97","Rümlang","2014","24.1","20.51","143.6","pro 1000 Einw."
"97","Rümlang","2015","19.6","20.51","143.6","pro 1000 Einw."
"97","Rümlang","2016","20.1","20.51","143.6","pro 1000 Einw."
"98","Schleinikon","2010","2.8","3.57","25","pro 1000 Einw."
"98","Schleinikon","2011","4.2","3.57","25","pro 1000 Einw."
"98","Schleinikon","2012","1.4","3.57","25","pro 1000 Einw."
"98","Schleinikon","2013","4.2","3.57","25","pro 1000 Einw."
"98","Schleinikon","2014","4.1","3.57","25","pro 1000 Einw."
"98","Schleinikon","2015","4.2","3.57","25","pro 1000 Einw."
"98","Schleinikon","2016","4.1","3.57","25","pro 1000 Einw."
"99","Schöfflisdorf","2010","8.9","4.9","34.3","pro 1000 Einw."
"99","Schöfflisdorf","2011","4.4","4.9","34.3","pro 1000 Einw."
"99","Schöfflisdorf","2012","2.9","4.9","34.3","pro 1000 Einw."
"99","Schöfflisdorf","2013","6.6","4.9","34.3","pro 1000 Einw."
"99","Schöfflisdorf","2014","3.6","4.9","34.3","pro 1000 Einw."
"99","Schöfflisdorf","2015","5.0","4.9","34.3","pro 1000 Einw."
"99","Schöfflisdorf","2016","2.9","4.9","34.3","pro 1000 Einw."
"100","Stadel","2010","3.0","4.03","28.2","pro 1000 Einw."
"100","Stadel","2011","3.5","4.03","28.2","pro 1000 Einw."
"100","Stadel","2012","6.0","4.03","28.2","pro 1000 Einw."
"100","Stadel","2013","4.9","4.03","28.2","pro 1000 Einw."
"100","Stadel","2014","2.3","4.03","28.2","pro 1000 Einw."
"100","Stadel","2015","4.5","4.03","28.2","pro 1000 Einw."
"100","Stadel","2016","4.0","4.03","28.2","pro 1000 Einw."
"101","Steinmaur","2010","8.2","6.67","46.7","pro 1000 Einw."
"101","Steinmaur","2011","4.0","6.67","46.7","pro 1000 Einw."
"101","Steinmaur","2012","7.6","6.67","46.7","pro 1000 Einw."
"101","Steinmaur","2013","5.7","6.67","46.7","pro 1000 Einw."
"101","Steinmaur","2014","7.4","6.67","46.7","pro 1000 Einw."
"101","Steinmaur","2015","7.1","6.67","46.7","pro 1000 Einw."
"101","Steinmaur","2016","6.7","6.67","46.7","pro 1000 Einw."
"102","Weiach","2010","11.2","9.8","68.6","pro 1000 Einw."
"102","Weiach","2011","2.9","9.8","68.6","pro 1000 Einw."
"102","Weiach","2012","4.6","9.8","68.6","pro 1000 Einw."
"102","Weiach","2013","14.0","9.8","68.6","pro 1000 Einw."
"102","Weiach","2014","19.1","9.8","68.6","pro 1000 Einw."
"102","Weiach","2015","7.3","9.8","68.6","pro 1000 Einw."
"102","Weiach","2016","9.5","9.8","68.6","pro 1000 Einw."
"111","Bäretswil","2010","4.6","4.61","32.3","pro 1000 Einw."
"111","Bäretswil","2011","4.5","4.61","32.3","pro 1000 Einw."
"111","Bäretswil","2012","5.9","4.61","32.3","pro 1000 Einw."
"111","Bäretswil","2013","4.9","4.61","32.3","pro 1000 Einw."
"111","Bäretswil","2014","4.0","4.61","32.3","pro 1000 Einw."
"111","Bäretswil","2015","4.4","4.61","32.3","pro 1000 Einw."
"111","Bäretswil","2016","4.0","4.61","32.3","pro 1000 Einw."
"112","Bubikon","2010","6.1","5.83","40.8","pro 1000 Einw."
"112","Bubikon","2011","5.3","5.83","40.8","pro 1000 Einw."
"112","Bubikon","2012","5.8","5.83","40.8","pro 1000 Einw."
"112","Bubikon","2013","7.4","5.83","40.8","pro 1000 Einw."
"112","Bubikon","2014","5.4","5.83","40.8","pro 1000 Einw."
"112","Bubikon","2015","4.8","5.83","40.8","pro 1000 Einw."
"112","Bubikon","2016","6.0","5.83","40.8","pro 1000 Einw."
"113","Dürnten","2010","9.9","8.5","59.5","pro 1000 Einw."
"113","Dürnten","2011","8.5","8.5","59.5","pro 1000 Einw."
"113","Dürnten","2012","7.8","8.5","59.5","pro 1000 Einw."
"113","Dürnten","2013","8.1","8.5","59.5","pro 1000 Einw."
"113","Dürnten","2014","7.7","8.5","59.5","pro 1000 Einw."
"113","Dürnten","2015","9.5","8.5","59.5","pro 1000 Einw."
"113","Dürnten","2016","8.0","8.5","59.5","pro 1000 Einw."
"114","Fischenthal","2010","6.6","5.36","37.5","pro 1000 Einw."
"114","Fischenthal","2011","2.6","5.36","37.5","pro 1000 Einw."
"114","Fischenthal","2012","6.9","5.36","37.5","pro 1000 Einw."
"114","Fischenthal","2013","3.4","5.36","37.5","pro 1000 Einw."
"114","Fischenthal","2014","8.2","5.36","37.5","pro 1000 Einw."
"114","Fischenthal","2015","5.8","5.36","37.5","pro 1000 Einw."
"114","Fischenthal","2016","4.0","5.36","37.5","pro 1000 Einw."
"115","Gossau","2010","7.3","7.39","51.7","pro 1000 Einw."
"115","Gossau","2011","6.1","7.39","51.7","pro 1000 Einw."
"115","Gossau","2012","6.9","7.39","51.7","pro 1000 Einw."
"115","Gossau","2013","8.4","7.39","51.7","pro 1000 Einw."
"115","Gossau","2014","5.6","7.39","51.7","pro 1000 Einw."
"115","Gossau","2015","8.5","7.39","51.7","pro 1000 Einw."
"115","Gossau","2016","8.9","7.39","51.7","pro 1000 Einw."
"116","Grüningen","2010","6.6","6.83","47.8","pro 1000 Einw."
"116","Grüningen","2011","5.3","6.83","47.8","pro 1000 Einw."
"116","Grüningen","2012","7.8","6.83","47.8","pro 1000 Einw."
"116","Grüningen","2013","6.1","6.83","47.8","pro 1000 Einw."
"116","Grüningen","2014","8.0","6.83","47.8","pro 1000 Einw."
"116","Grüningen","2015","6.0","6.83","47.8","pro 1000 Einw."
"116","Grüningen","2016","8.0","6.83","47.8","pro 1000 Einw."
"117","Hinwil","2010","15.5","14.93","104.5","pro 1000 Einw."
"117","Hinwil","2011","15.2","14.93","104.5","pro 1000 Einw."
"117","Hinwil","2012","14.9","14.93","104.5","pro 1000 Einw."
"117","Hinwil","2013","14.7","14.93","104.5","pro 1000 Einw."
"117","Hinwil","2014","14.4","14.93","104.5","pro 1000 Einw."
"117","Hinwil","2015","16.4","14.93","104.5","pro 1000 Einw."
"117","Hinwil","2016","13.4","14.93","104.5","pro 1000 Einw."
"118","Rüti","2010","5.1","5.83","40.8","pro 1000 Einw."
"118","Rüti","2011","5.7","5.83","40.8","pro 1000 Einw."
"118","Rüti","2012","5.4","5.83","40.8","pro 1000 Einw."
"118","Rüti","2013","5.7","5.83","40.8","pro 1000 Einw."
"118","Rüti","2014","6.8","5.83","40.8","pro 1000 Einw."
"118","Rüti","2015","5.4","5.83","40.8","pro 1000 Einw."
"118","Rüti","2016","6.7","5.83","40.8","pro 1000 Einw."
"119","Seegräben","2010","14.7","18.76","131.3","pro 1000 Einw."
"119","Seegräben","2011","18.5","18.76","131.3","pro 1000 Einw."
"119","Seegräben","2012","16.1","18.76","131.3","pro 1000 Einw."
"119","Seegräben","2013","21.0","18.76","131.3","pro 1000 Einw."
"119","Seegräben","2014","15.7","18.76","131.3","pro 1000 Einw."
"119","Seegräben","2015","19.5","18.76","131.3","pro 1000 Einw."
"119","Seegräben","2016","25.8","18.76","131.3","pro 1000 Einw."
"120","Wald","2010","5.8","5.5","38.5","pro 1000 Einw."
"120","Wald","2011","5.7","5.5","38.5","pro 1000 Einw."
"120","Wald","2012","6.2","5.5","38.5","pro 1000 Einw."
"120","Wald","2013","5.2","5.5","38.5","pro 1000 Einw."
"120","Wald","2014","4.3","5.5","38.5","pro 1000 Einw."
"120","Wald","2015","5.6","5.5","38.5","pro 1000 Einw."
"120","Wald","2016","5.7","5.5","38.5","pro 1000 Einw."
"121","Wetzikon","2010","10.2","8.24","57.7","pro 1000 Einw."
"121","Wetzikon","2011","8.7","8.24","57.7","pro 1000 Einw."
"121","Wetzikon","2012","7.9","8.24","57.7","pro 1000 Einw."
"121","Wetzikon","2013","7.7","8.24","57.7","pro 1000 Einw."
"121","Wetzikon","2014","7.2","8.24","57.7","pro 1000 Einw."
"121","Wetzikon","2015","7.8","8.24","57.7","pro 1000 Einw."
"121","Wetzikon","2016","8.2","8.24","57.7","pro 1000 Einw."
"131","Adliswil","2010","6.2","6.06","42.4","pro 1000 Einw."
"131","Adliswil","2011","7.0","6.06","42.4","pro 1000 Einw."
"131","Adliswil","2012","5.8","6.06","42.4","pro 1000 Einw."
"131","Adliswil","2013","6.3","6.06","42.4","pro 1000 Einw."
"131","Adliswil","2014","5.7","6.06","42.4","pro 1000 Einw."
"131","Adliswil","2015","5.4","6.06","42.4","pro 1000 Einw."
"131","Adliswil","2016","6.0","6.06","42.4","pro 1000 Einw."
"132","Hirzel","2010","16.6","16.53","115.7","pro 1000 Einw."
"132","Hirzel","2011","10.9","16.53","115.7","pro 1000 Einw."
"132","Hirzel","2012","23.0","16.53","115.7","pro 1000 Einw."
"132","Hirzel","2013","16.8","16.53","115.7","pro 1000 Einw."
"132","Hirzel","2014","14.1","16.53","115.7","pro 1000 Einw."
"132","Hirzel","2015","16.8","16.53","115.7","pro 1000 Einw."
"132","Hirzel","2016","17.5","16.53","115.7","pro 1000 Einw."
"133","Horgen","2010","10.6","8.86","62","pro 1000 Einw."
"133","Horgen","2011","8.5","8.86","62","pro 1000 Einw."
"133","Horgen","2012","8.6","8.86","62","pro 1000 Einw."
"133","Horgen","2013","8.8","8.86","62","pro 1000 Einw."
"133","Horgen","2014","8.4","8.86","62","pro 1000 Einw."
"133","Horgen","2015","8.0","8.86","62","pro 1000 Einw."
"133","Horgen","2016","9.1","8.86","62","pro 1000 Einw."
"134","Hütten","2010","3.4","6.03","42.2","pro 1000 Einw."
"134","Hütten","2011","5.5","6.03","42.2","pro 1000 Einw."
"134","Hütten","2012","11.1","6.03","42.2","pro 1000 Einw."
"134","Hütten","2013","6.6","6.03","42.2","pro 1000 Einw."
"134","Hütten","2014","6.6","6.03","42.2","pro 1000 Einw."
"134","Hütten","2015","4.5","6.03","42.2","pro 1000 Einw."
"134","Hütten","2016","4.5","6.03","42.2","pro 1000 Einw."
"135","Kilchberg","2010","8.3","6.77","47.4","pro 1000 Einw."
"135","Kilchberg","2011","6.9","6.77","47.4","pro 1000 Einw."
"135","Kilchberg","2012","7.2","6.77","47.4","pro 1000 Einw."
"135","Kilchberg","2013","6.2","6.77","47.4","pro 1000 Einw."
"135","Kilchberg","2014","4.7","6.77","47.4","pro 1000 Einw."
"135","Kilchberg","2015","6.4","6.77","47.4","pro 1000 Einw."
"135","Kilchberg","2016","7.7","6.77","47.4","pro 1000 Einw."
"136","Langnau a.A.","2010","5.8","6","42","pro 1000 Einw."
"136","Langnau a.A.","2011","7.4","6","42","pro 1000 Einw."
"136","Langnau a.A.","2012","6.0","6","42","pro 1000 Einw."
"136","Langnau a.A.","2013","5.2","6","42","pro 1000 Einw."
"136","Langnau a.A.","2014","7.0","6","42","pro 1000 Einw."
"136","Langnau a.A.","2015","5.5","6","42","pro 1000 Einw."
"136","Langnau a.A.","2016","5.1","6","42","pro 1000 Einw."
"137","Oberrieden","2010","7.3","6.6","46.2","pro 1000 Einw."
"137","Oberrieden","2011","6.0","6.6","46.2","pro 1000 Einw."
"137","Oberrieden","2012","6.2","6.6","46.2","pro 1000 Einw."
"137","Oberrieden","2013","7.7","6.6","46.2","pro 1000 Einw."
"137","Oberrieden","2014","7.0","6.6","46.2","pro 1000 Einw."
"137","Oberrieden","2015","6.2","6.6","46.2","pro 1000 Einw."
"137","Oberrieden","2016","5.8","6.6","46.2","pro 1000 Einw."
"138","Richterswil","2010","5.8","6.54","45.8","pro 1000 Einw."
"138","Richterswil","2011","7.9","6.54","45.8","pro 1000 Einw."
"138","Richterswil","2012","6.5","6.54","45.8","pro 1000 Einw."
"138","Richterswil","2013","7.7","6.54","45.8","pro 1000 Einw."
"138","Richterswil","2014","6.5","6.54","45.8","pro 1000 Einw."
"138","Richterswil","2015","5.5","6.54","45.8","pro 1000 Einw."
"138","Richterswil","2016","5.9","6.54","45.8","pro 1000 Einw."
"139","Rüschlikon","2010","12.4","10.71","75","pro 1000 Einw."
"139","Rüschlikon","2011","11.0","10.71","75","pro 1000 Einw."
"139","Rüschlikon","2012","10.7","10.71","75","pro 1000 Einw."
"139","Rüschlikon","2013","9.0","10.71","75","pro 1000 Einw."
"139","Rüschlikon","2014","9.9","10.71","75","pro 1000 Einw."
"139","Rüschlikon","2015","11.5","10.71","75","pro 1000 Einw."
"139","Rüschlikon","2016","10.5","10.71","75","pro 1000 Einw."
"140","Schönenberg","2010","2.6","5.07","35.5","pro 1000 Einw."
"140","Schönenberg","2011","5.8","5.07","35.5","pro 1000 Einw."
"140","Schönenberg","2012","5.8","5.07","35.5","pro 1000 Einw."
"140","Schönenberg","2013","7.4","5.07","35.5","pro 1000 Einw."
"140","Schönenberg","2014","2.1","5.07","35.5","pro 1000 Einw."
"140","Schönenberg","2015","4.8","5.07","35.5","pro 1000 Einw."
"140","Schönenberg","2016","7.0","5.07","35.5","pro 1000 Einw."
"141","Thalwil","2010","6.4","5.89","41.2","pro 1000 Einw."
"141","Thalwil","2011","5.2","5.89","41.2","pro 1000 Einw."
"141","Thalwil","2012","6.0","5.89","41.2","pro 1000 Einw."
"141","Thalwil","2013","6.1","5.89","41.2","pro 1000 Einw."
"141","Thalwil","2014","6.3","5.89","41.2","pro 1000 Einw."
"141","Thalwil","2015","4.8","5.89","41.2","pro 1000 Einw."
"141","Thalwil","2016","6.4","5.89","41.2","pro 1000 Einw."
"142","Wädenswil","2010","9.9","10.03","70.2","pro 1000 Einw."
"142","Wädenswil","2011","11.4","10.03","70.2","pro 1000 Einw."
"142","Wädenswil","2012","10.9","10.03","70.2","pro 1000 Einw."
"142","Wädenswil","2013","9.9","10.03","70.2","pro 1000 Einw."
"142","Wädenswil","2014","11.0","10.03","70.2","pro 1000 Einw."
"142","Wädenswil","2015","8.9","10.03","70.2","pro 1000 Einw."
"142","Wädenswil","2016","8.2","10.03","70.2","pro 1000 Einw."
"151","Erlenbach","2010","5.5","5.83","40.8","pro 1000 Einw."
"151","Erlenbach","2011","5.7","5.83","40.8","pro 1000 Einw."
"151","Erlenbach","2012","6.2","5.83","40.8","pro 1000 Einw."
"151","Erlenbach","2013","5.1","5.83","40.8","pro 1000 Einw."
"151","Erlenbach","2014","6.4","5.83","40.8","pro 1000 Einw."
"151","Erlenbach","2015","5.7","5.83","40.8","pro 1000 Einw."
"151","Erlenbach","2016","6.2","5.83","40.8","pro 1000 Einw."
"152","Herrliberg","2010","5.6","4.99","34.9","pro 1000 Einw."
"152","Herrliberg","2011","4.4","4.99","34.9","pro 1000 Einw."
"152","Herrliberg","2012","6.9","4.99","34.9","pro 1000 Einw."
"152","Herrliberg","2013","3.9","4.99","34.9","pro 1000 Einw."
"152","Herrliberg","2014","4.5","4.99","34.9","pro 1000 Einw."
"152","Herrliberg","2015","4.0","4.99","34.9","pro 1000 Einw."
"152","Herrliberg","2016","5.6","4.99","34.9","pro 1000 Einw."
"153","Hombrechtikon","2010","6.1","5.39","37.7","pro 1000 Einw."
"153","Hombrechtikon","2011","5.1","5.39","37.7","pro 1000 Einw."
"153","Hombrechtikon","2012","5.7","5.39","37.7","pro 1000 Einw."
"153","Hombrechtikon","2013","5.7","5.39","37.7","pro 1000 Einw."
"153","Hombrechtikon","2014","5.9","5.39","37.7","pro 1000 Einw."
"153","Hombrechtikon","2015","4.1","5.39","37.7","pro 1000 Einw."
"153","Hombrechtikon","2016","5.1","5.39","37.7","pro 1000 Einw."
"154","Küsnacht","2010","6.9","7.5","52.5","pro 1000 Einw."
"154","Küsnacht","2011","7.4","7.5","52.5","pro 1000 Einw."
"154","Küsnacht","2012","9.3","7.5","52.5","pro 1000 Einw."
"154","Küsnacht","2013","7.4","7.5","52.5","pro 1000 Einw."
"154","Küsnacht","2014","6.7","7.5","52.5","pro 1000 Einw."
"154","Küsnacht","2015","8.9","7.5","52.5","pro 1000 Einw."
"154","Küsnacht","2016","5.9","7.5","52.5","pro 1000 Einw."
"155","Männedorf","2010","3.7","4","28","pro 1000 Einw."
"155","Männedorf","2011","5.5","4","28","pro 1000 Einw."
"155","Männedorf","2012","5.1","4","28","pro 1000 Einw."
"155","Männedorf","2013","4.2","4","28","pro 1000 Einw."
"155","Männedorf","2014","3.5","4","28","pro 1000 Einw."
"155","Männedorf","2015","2.7","4","28","pro 1000 Einw."
"155","Männedorf","2016","3.3","4","28","pro 1000 Einw."
"156","Meilen","2010","6.1","6.47","45.3","pro 1000 Einw."
"156","Meilen","2011","7.7","6.47","45.3","pro 1000 Einw."
"156","Meilen","2012","8.3","6.47","45.3","pro 1000 Einw."
"156","Meilen","2013","6.7","6.47","45.3","pro 1000 Einw."
"156","Meilen","2014","6.4","6.47","45.3","pro 1000 Einw."
"156","Meilen","2015","5.8","6.47","45.3","pro 1000 Einw."
"156","Meilen","2016","4.3","6.47","45.3","pro 1000 Einw."
"157","Oetwil a.S.","2010","6.6","7.34","51.4","pro 1000 Einw."
"157","Oetwil a.S.","2011","7.8","7.34","51.4","pro 1000 Einw."
"157","Oetwil a.S.","2012","9.5","7.34","51.4","pro 1000 Einw."
"157","Oetwil a.S.","2013","2.4","7.34","51.4","pro 1000 Einw."
"157","Oetwil a.S.","2014","8.5","7.34","51.4","pro 1000 Einw."
"157","Oetwil a.S.","2015","9.4","7.34","51.4","pro 1000 Einw."
"157","Oetwil a.S.","2016","7.2","7.34","51.4","pro 1000 Einw."
"158","Stäfa","2010","5.0","4.86","34","pro 1000 Einw."
"158","Stäfa","2011","5.6","4.86","34","pro 1000 Einw."
"158","Stäfa","2012","5.2","4.86","34","pro 1000 Einw."
"158","Stäfa","2013","4.1","4.86","34","pro 1000 Einw."
"158","Stäfa","2014","4.9","4.86","34","pro 1000 Einw."
"158","Stäfa","2015","4.4","4.86","34","pro 1000 Einw."
"158","Stäfa","2016","4.8","4.86","34","pro 1000 Einw."
"159","Uetikon a.S.","2010","3.3","3.19","22.3","pro 1000 Einw."
"159","Uetikon a.S.","2011","2.6","3.19","22.3","pro 1000 Einw."
"159","Uetikon a.S.","2012","4.6","3.19","22.3","pro 1000 Einw."
"159","Uetikon a.S.","2013","2.7","3.19","22.3","pro 1000 Einw."
"159","Uetikon a.S.","2014","2.9","3.19","22.3","pro 1000 Einw."
"159","Uetikon a.S.","2015","2.7","3.19","22.3","pro 1000 Einw."
"159","Uetikon a.S.","2016","3.5","3.19","22.3","pro 1000 Einw."
"160","Zumikon","2010","5.9","4.97","34.8","pro 1000 Einw."
"160","Zumikon","2011","4.7","4.97","34.8","pro 1000 Einw."
"160","Zumikon","2012","3.9","4.97","34.8","pro 1000 Einw."
"160","Zumikon","2013","6.0","4.97","34.8","pro 1000 Einw."
"160","Zumikon","2014","3.3","4.97","34.8","pro 1000 Einw."
"160","Zumikon","2015","4.8","4.97","34.8","pro 1000 Einw."
"160","Zumikon","2016","6.2","4.97","34.8","pro 1000 Einw."
"161","Zollikon","2010","6.3","6.56","45.9","pro 1000 Einw."
"161","Zollikon","2011","6.8","6.56","45.9","pro 1000 Einw."
"161","Zollikon","2012","7.0","6.56","45.9","pro 1000 Einw."
"161","Zollikon","2013","8.4","6.56","45.9","pro 1000 Einw."
"161","Zollikon","2014","5.3","6.56","45.9","pro 1000 Einw."
"161","Zollikon","2015","5.7","6.56","45.9","pro 1000 Einw."
"161","Zollikon","2016","6.4","6.56","45.9","pro 1000 Einw."
"171","Bauma (bis 2014)","2010","6.7","7.22","36.1","pro 1000 Einw."
"171","Bauma (bis 2014)","2011","5.2","7.22","36.1","pro 1000 Einw."
"171","Bauma (bis 2014)","2012","7.1","7.22","36.1","pro 1000 Einw."
"171","Bauma (bis 2014)","2013","8.4","7.22","36.1","pro 1000 Einw."
"171","Bauma (bis 2014)","2014","8.7","7.22","36.1","pro 1000 Einw."
"172","Fehraltorf","2010","7.1","6.29","44","pro 1000 Einw."
"172","Fehraltorf","2011","5.9","6.29","44","pro 1000 Einw."
"172","Fehraltorf","2012","5.0","6.29","44","pro 1000 Einw."
"172","Fehraltorf","2013","8.5","6.29","44","pro 1000 Einw."
"172","Fehraltorf","2014","4.6","6.29","44","pro 1000 Einw."
"172","Fehraltorf","2015","6.4","6.29","44","pro 1000 Einw."
"172","Fehraltorf","2016","6.5","6.29","44","pro 1000 Einw."
"173","Hittnau","2010","7.8","5.66","39.6","pro 1000 Einw."
"173","Hittnau","2011","4.6","5.66","39.6","pro 1000 Einw."
"173","Hittnau","2012","6.8","5.66","39.6","pro 1000 Einw."
"173","Hittnau","2013","7.9","5.66","39.6","pro 1000 Einw."
"173","Hittnau","2014","4.4","5.66","39.6","pro 1000 Einw."
"173","Hittnau","2015","3.6","5.66","39.6","pro 1000 Einw."
"173","Hittnau","2016","4.5","5.66","39.6","pro 1000 Einw."
"174","Illnau-Effretikon (bis 2015)","2010","11.6","9.07","54.4","pro 1000 Einw."
"174","Illnau-Effretikon (bis 2015)","2011","7.5","9.07","54.4","pro 1000 Einw."
"174","Illnau-Effretikon (bis 2015)","2012","10.5","9.07","54.4","pro 1000 Einw."
"174","Illnau-Effretikon (bis 2015)","2013","8.2","9.07","54.4","pro 1000 Einw."
"174","Illnau-Effretikon (bis 2015)","2014","8.3","9.07","54.4","pro 1000 Einw."
"174","Illnau-Effretikon (bis 2015)","2015","8.3","9.07","54.4","pro 1000 Einw."
"175","Kyburg (bis 2015)","2010","21.5","13.32","79.9","pro 1000 Einw."
"175","Kyburg (bis 2015)","2011","11.7","13.32","79.9","pro 1000 Einw."
"175","Kyburg (bis 2015)","2012","24.6","13.32","79.9","pro 1000 Einw."
"175","Kyburg (bis 2015)","2013","12.3","13.32","79.9","pro 1000 Einw."
"175","Kyburg (bis 2015)","2014","4.9","13.32","79.9","pro 1000 Einw."
"175","Kyburg (bis 2015)","2015","4.9","13.32","79.9","pro 1000 Einw."
"176","Lindau","2010","25.2","21.06","147.4","pro 1000 Einw."
"176","Lindau","2011","18.1","21.06","147.4","pro 1000 Einw."
"176","Lindau","2012","21.9","21.06","147.4","pro 1000 Einw."
"176","Lindau","2013","23.4","21.06","147.4","pro 1000 Einw."
"176","Lindau","2014","20.4","21.06","147.4","pro 1000 Einw."
"176","Lindau","2015","18.8","21.06","147.4","pro 1000 Einw."
"176","Lindau","2016","19.6","21.06","147.4","pro 1000 Einw."
"177","Pfäffikon","2010","7.1","8.19","57.3","pro 1000 Einw."
"177","Pfäffikon","2011","9.5","8.19","57.3","pro 1000 Einw."
"177","Pfäffikon","2012","7.7","8.19","57.3","pro 1000 Einw."
"177","Pfäffikon","2013","7.4","8.19","57.3","pro 1000 Einw."
"177","Pfäffikon","2014","9.0","8.19","57.3","pro 1000 Einw."
"177","Pfäffikon","2015","8.8","8.19","57.3","pro 1000 Einw."
"177","Pfäffikon","2016","7.8","8.19","57.3","pro 1000 Einw."
"178","Russikon","2010","4.9","3.89","27.2","pro 1000 Einw."
"178","Russikon","2011","6.3","3.89","27.2","pro 1000 Einw."
"178","Russikon","2012","3.1","3.89","27.2","pro 1000 Einw."
"178","Russikon","2013","2.4","3.89","27.2","pro 1000 Einw."
"178","Russikon","2014","3.3","3.89","27.2","pro 1000 Einw."
"178","Russikon","2015","3.7","3.89","27.2","pro 1000 Einw."
"178","Russikon","2016","3.5","3.89","27.2","pro 1000 Einw."
"179","Sternenberg (bis 2014)","2010","5.5","7.36","36.8","pro 1000 Einw."
"179","Sternenberg (bis 2014)","2011","5.7","7.36","36.8","pro 1000 Einw."
"179","Sternenberg (bis 2014)","2012","17.1","7.36","36.8","pro 1000 Einw."
"179","Sternenberg (bis 2014)","2013","2.8","7.36","36.8","pro 1000 Einw."
"179","Sternenberg (bis 2014)","2014","5.7","7.36","36.8","pro 1000 Einw."
"180","Weisslingen","2010","7.1","6.06","42.4","pro 1000 Einw."
"180","Weisslingen","2011","5.9","6.06","42.4","pro 1000 Einw."
"180","Weisslingen","2012","6.3","6.06","42.4","pro 1000 Einw."
"180","Weisslingen","2013","5.3","6.06","42.4","pro 1000 Einw."
"180","Weisslingen","2014","4.9","6.06","42.4","pro 1000 Einw."
"180","Weisslingen","2015","8.0","6.06","42.4","pro 1000 Einw."
"180","Weisslingen","2016","4.9","6.06","42.4","pro 1000 Einw."
"181","Wila","2010","7.2","6.76","47.3","pro 1000 Einw."
"181","Wila","2011","8.4","6.76","47.3","pro 1000 Einw."
"181","Wila","2012","6.2","6.76","47.3","pro 1000 Einw."
"181","Wila","2013","6.3","6.76","47.3","pro 1000 Einw."
"181","Wila","2014","7.3","6.76","47.3","pro 1000 Einw."
"181","Wila","2015","6.7","6.76","47.3","pro 1000 Einw."
"181","Wila","2016","5.2","6.76","47.3","pro 1000 Einw."
"182","Wildberg","2010","9.3","6.36","44.5","pro 1000 Einw."
"182","Wildberg","2011","6.1","6.36","44.5","pro 1000 Einw."
"182","Wildberg","2012","8.0","6.36","44.5","pro 1000 Einw."
"182","Wildberg","2013","2.0","6.36","44.5","pro 1000 Einw."
"182","Wildberg","2014","7.1","6.36","44.5","pro 1000 Einw."
"182","Wildberg","2015","8.9","6.36","44.5","pro 1000 Einw."
"182","Wildberg","2016","3.1","6.36","44.5","pro 1000 Einw."
"191","Dübendorf","2010","9.4","8.83","61.8","pro 1000 Einw."
"191","Dübendorf","2011","9.8","8.83","61.8","pro 1000 Einw."
"191","Dübendorf","2012","9.2","8.83","61.8","pro 1000 Einw."
"191","Dübendorf","2013","7.9","8.83","61.8","pro 1000 Einw."
"191","Dübendorf","2014","7.2","8.83","61.8","pro 1000 Einw."
"191","Dübendorf","2015","8.9","8.83","61.8","pro 1000 Einw."
"191","Dübendorf","2016","9.4","8.83","61.8","pro 1000 Einw."
"192","Egg","2010","8.0","8.41","58.9","pro 1000 Einw."
"192","Egg","2011","7.5","8.41","58.9","pro 1000 Einw."
"192","Egg","2012","8.9","8.41","58.9","pro 1000 Einw."
"192","Egg","2013","6.4","8.41","58.9","pro 1000 Einw."
"192","Egg","2014","9.2","8.41","58.9","pro 1000 Einw."
"192","Egg","2015","9.8","8.41","58.9","pro 1000 Einw."
"192","Egg","2016","9.1","8.41","58.9","pro 1000 Einw."
"193","Fällanden","2010","5.9","5.94","41.6","pro 1000 Einw."
"193","Fällanden","2011","6.1","5.94","41.6","pro 1000 Einw."
"193","Fällanden","2012","5.1","5.94","41.6","pro 1000 Einw."
"193","Fällanden","2013","5.2","5.94","41.6","pro 1000 Einw."
"193","Fällanden","2014","6.0","5.94","41.6","pro 1000 Einw."
"193","Fällanden","2015","6.5","5.94","41.6","pro 1000 Einw."
"193","Fällanden","2016","6.8","5.94","41.6","pro 1000 Einw."
"194","Greifensee","2010","2.4","3.23","22.6","pro 1000 Einw."
"194","Greifensee","2011","2.5","3.23","22.6","pro 1000 Einw."
"194","Greifensee","2012","2.3","3.23","22.6","pro 1000 Einw."
"194","Greifensee","2013","4.9","3.23","22.6","pro 1000 Einw."
"194","Greifensee","2014","4.5","3.23","22.6","pro 1000 Einw."
"194","Greifensee","2015","3.0","3.23","22.6","pro 1000 Einw."
"194","Greifensee","2016","3.0","3.23","22.6","pro 1000 Einw."
"195","Maur","2010","10.1","6.93","48.5","pro 1000 Einw."
"195","Maur","2011","5.7","6.93","48.5","pro 1000 Einw."
"195","Maur","2012","6.5","6.93","48.5","pro 1000 Einw."
"195","Maur","2013","7.9","6.93","48.5","pro 1000 Einw."
"195","Maur","2014","6.0","6.93","48.5","pro 1000 Einw."
"195","Maur","2015","6.3","6.93","48.5","pro 1000 Einw."
"195","Maur","2016","6.0","6.93","48.5","pro 1000 Einw."
"196","Mönchaltorf","2010","4.3","5.43","38","pro 1000 Einw."
"196","Mönchaltorf","2011","7.0","5.43","38","pro 1000 Einw."
"196","Mönchaltorf","2012","4.9","5.43","38","pro 1000 Einw."
"196","Mönchaltorf","2013","3.5","5.43","38","pro 1000 Einw."
"196","Mönchaltorf","2014","4.7","5.43","38","pro 1000 Einw."
"196","Mönchaltorf","2015","6.3","5.43","38","pro 1000 Einw."
"196","Mönchaltorf","2016","7.3","5.43","38","pro 1000 Einw."
"197","Schwerzenbach","2010","7.2","5.23","36.6","pro 1000 Einw."
"197","Schwerzenbach","2011","5.7","5.23","36.6","pro 1000 Einw."
"197","Schwerzenbach","2012","6.5","5.23","36.6","pro 1000 Einw."
"197","Schwerzenbach","2013","5.7","5.23","36.6","pro 1000 Einw."
"197","Schwerzenbach","2014","3.4","5.23","36.6","pro 1000 Einw."
"197","Schwerzenbach","2015","3.2","5.23","36.6","pro 1000 Einw."
"197","Schwerzenbach","2016","4.9","5.23","36.6","pro 1000 Einw."
"198","Uster","2010","8.8","8.21","57.5","pro 1000 Einw."
"198","Uster","2011","8.5","8.21","57.5","pro 1000 Einw."
"198","Uster","2012","7.8","8.21","57.5","pro 1000 Einw."
"198","Uster","2013","7.4","8.21","57.5","pro 1000 Einw."
"198","Uster","2014","7.8","8.21","57.5","pro 1000 Einw."
"198","Uster","2015","8.4","8.21","57.5","pro 1000 Einw."
"198","Uster","2016","8.8","8.21","57.5","pro 1000 Einw."
"199","Volketswil","2010","12.5","9.79","68.5","pro 1000 Einw."
"199","Volketswil","2011","10.8","9.79","68.5","pro 1000 Einw."
"199","Volketswil","2012","11.3","9.79","68.5","pro 1000 Einw."
"199","Volketswil","2013","9.6","9.79","68.5","pro 1000 Einw."
"199","Volketswil","2014","8.5","9.79","68.5","pro 1000 Einw."
"199","Volketswil","2015","7.2","9.79","68.5","pro 1000 Einw."
"199","Volketswil","2016","8.6","9.79","68.5","pro 1000 Einw."
"200","Wangen-Brüttisellen","2010","19.4","20.53","143.7","pro 1000 Einw."
"200","Wangen-Brüttisellen","2011","22.0","20.53","143.7","pro 1000 Einw."
"200","Wangen-Brüttisellen","2012","23.2","20.53","143.7","pro 1000 Einw."
"200","Wangen-Brüttisellen","2013","21.1","20.53","143.7","pro 1000 Einw."
"200","Wangen-Brüttisellen","2014","19.8","20.53","143.7","pro 1000 Einw."
"200","Wangen-Brüttisellen","2015","18.5","20.53","143.7","pro 1000 Einw."
"200","Wangen-Brüttisellen","2016","19.7","20.53","143.7","pro 1000 Einw."
"211","Altikon","2010","5.0","3.41","23.9","pro 1000 Einw."
"211","Altikon","2011","4.8","3.41","23.9","pro 1000 Einw."
"211","Altikon","2012","4.9","3.41","23.9","pro 1000 Einw."
"211","Altikon","2013","3.1","3.41","23.9","pro 1000 Einw."
"211","Altikon","2014","1.5","3.41","23.9","pro 1000 Einw."
"211","Altikon","2015","4.6","3.41","23.9","pro 1000 Einw."
"211","Altikon","2016","0.0","3.41","23.9","pro 1000 Einw."
"212","Bertschikon (bis 2013)","2010","57.3","37.7","150.8","pro 1000 Einw."
"212","Bertschikon (bis 2013)","2011","42.0","37.7","150.8","pro 1000 Einw."
"212","Bertschikon (bis 2013)","2012","22.9","37.7","150.8","pro 1000 Einw."
"212","Bertschikon (bis 2013)","2013","28.6","37.7","150.8","pro 1000 Einw."
"213","Brütten","2010","5.7","5.31","37.2","pro 1000 Einw."
"213","Brütten","2011","6.2","5.31","37.2","pro 1000 Einw."
"213","Brütten","2012","3.5","5.31","37.2","pro 1000 Einw."
"213","Brütten","2013","2.5","5.31","37.2","pro 1000 Einw."
"213","Brütten","2014","4.9","5.31","37.2","pro 1000 Einw."
"213","Brütten","2015","6.5","5.31","37.2","pro 1000 Einw."
"213","Brütten","2016","7.9","5.31","37.2","pro 1000 Einw."
"214","Dägerlen","2010","6.0","6.91","48.4","pro 1000 Einw."
"214","Dägerlen","2011","9.1","6.91","48.4","pro 1000 Einw."
"214","Dägerlen","2012","7.1","6.91","48.4","pro 1000 Einw."
"214","Dägerlen","2013","6.1","6.91","48.4","pro 1000 Einw."
"214","Dägerlen","2014","4.1","6.91","48.4","pro 1000 Einw."
"214","Dägerlen","2015","3.9","6.91","48.4","pro 1000 Einw."
"214","Dägerlen","2016","12.1","6.91","48.4","pro 1000 Einw."
"215","Dättlikon","2010","2.7","3.01","21.1","pro 1000 Einw."
"215","Dättlikon","2011","2.7","3.01","21.1","pro 1000 Einw."
"215","Dättlikon","2012","0.0","3.01","21.1","pro 1000 Einw."
"215","Dättlikon","2013","4.0","3.01","21.1","pro 1000 Einw."
"215","Dättlikon","2014","3.9","3.01","21.1","pro 1000 Einw."
"215","Dättlikon","2015","4.0","3.01","21.1","pro 1000 Einw."
"215","Dättlikon","2016","3.8","3.01","21.1","pro 1000 Einw."
"216","Dinhard","2010","3.6","3.01","21.1","pro 1000 Einw."
"216","Dinhard","2011","1.4","3.01","21.1","pro 1000 Einw."
"216","Dinhard","2012","2.8","3.01","21.1","pro 1000 Einw."
"216","Dinhard","2013","3.3","3.01","21.1","pro 1000 Einw."
"216","Dinhard","2014","4.7","3.01","21.1","pro 1000 Einw."
"216","Dinhard","2015","2.7","3.01","21.1","pro 1000 Einw."
"216","Dinhard","2016","2.6","3.01","21.1","pro 1000 Einw."
"217","Elgg","2010","6.6","6.59","46.1","pro 1000 Einw."
"217","Elgg","2011","7.7","6.59","46.1","pro 1000 Einw."
"217","Elgg","2012","6.7","6.59","46.1","pro 1000 Einw."
"217","Elgg","2013","8.5","6.59","46.1","pro 1000 Einw."
"217","Elgg","2014","3.9","6.59","46.1","pro 1000 Einw."
"217","Elgg","2015","5.5","6.59","46.1","pro 1000 Einw."
"217","Elgg","2016","7.2","6.59","46.1","pro 1000 Einw."
"218","Ellikon a.d.Th.","2010","4.5","4.63","32.4","pro 1000 Einw."
"218","Ellikon a.d.Th.","2011","4.5","4.63","32.4","pro 1000 Einw."
"218","Ellikon a.d.Th.","2012","4.4","4.63","32.4","pro 1000 Einw."
"218","Ellikon a.d.Th.","2013","5.5","4.63","32.4","pro 1000 Einw."
"218","Ellikon a.d.Th.","2014","5.5","4.63","32.4","pro 1000 Einw."
"218","Ellikon a.d.Th.","2015","2.3","4.63","32.4","pro 1000 Einw."
"218","Ellikon a.d.Th.","2016","5.7","4.63","32.4","pro 1000 Einw."
"219","Elsau","2010","7.5","5.43","38","pro 1000 Einw."
"219","Elsau","2011","6.0","5.43","38","pro 1000 Einw."
"219","Elsau","2012","6.9","5.43","38","pro 1000 Einw."
"219","Elsau","2013","3.2","5.43","38","pro 1000 Einw."
"219","Elsau","2014","3.8","5.43","38","pro 1000 Einw."
"219","Elsau","2015","5.5","5.43","38","pro 1000 Einw."
"219","Elsau","2016","5.1","5.43","38","pro 1000 Einw."
"220","Hagenbuch","2010","18.2","16.53","115.7","pro 1000 Einw."
"220","Hagenbuch","2011","22.0","16.53","115.7","pro 1000 Einw."
"220","Hagenbuch","2012","10.9","16.53","115.7","pro 1000 Einw."
"220","Hagenbuch","2013","12.9","16.53","115.7","pro 1000 Einw."
"220","Hagenbuch","2014","15.3","16.53","115.7","pro 1000 Einw."
"220","Hagenbuch","2015","16.3","16.53","115.7","pro 1000 Einw."
"220","Hagenbuch","2016","20.1","16.53","115.7","pro 1000 Einw."
"221","Hettlingen","2010","2.4","2.73","19.1","pro 1000 Einw."
"221","Hettlingen","2011","2.0","2.73","19.1","pro 1000 Einw."
"221","Hettlingen","2012","3.3","2.73","19.1","pro 1000 Einw."
"221","Hettlingen","2013","4.7","2.73","19.1","pro 1000 Einw."
"221","Hettlingen","2014","2.6","2.73","19.1","pro 1000 Einw."
"221","Hettlingen","2015","1.6","2.73","19.1","pro 1000 Einw."
"221","Hettlingen","2016","2.5","2.73","19.1","pro 1000 Einw."
"222","Hofstetten","2010","6.7","5.7","39.9","pro 1000 Einw."
"222","Hofstetten","2011","6.4","5.7","39.9","pro 1000 Einw."
"222","Hofstetten","2012","6.2","5.7","39.9","pro 1000 Einw."
"222","Hofstetten","2013","8.3","5.7","39.9","pro 1000 Einw."
"222","Hofstetten","2014","4.1","5.7","39.9","pro 1000 Einw."
"222","Hofstetten","2015","4.2","5.7","39.9","pro 1000 Einw."
"222","Hofstetten","2016","4.0","5.7","39.9","pro 1000 Einw."
"223","Neftenbach","2010","9.2","9.04","63.3","pro 1000 Einw."
"223","Neftenbach","2011","9.0","9.04","63.3","pro 1000 Einw."
"223","Neftenbach","2012","9.6","9.04","63.3","pro 1000 Einw."
"223","Neftenbach","2013","7.2","9.04","63.3","pro 1000 Einw."
"223","Neftenbach","2014","9.3","9.04","63.3","pro 1000 Einw."
"223","Neftenbach","2015","8.9","9.04","63.3","pro 1000 Einw."
"223","Neftenbach","2016","10.1","9.04","63.3","pro 1000 Einw."
"224","Pfungen","2010","6.4","6.57","46","pro 1000 Einw."
"224","Pfungen","2011","6.6","6.57","46","pro 1000 Einw."
"224","Pfungen","2012","7.4","6.57","46","pro 1000 Einw."
"224","Pfungen","2013","6.2","6.57","46","pro 1000 Einw."
"224","Pfungen","2014","6.6","6.57","46","pro 1000 Einw."
"224","Pfungen","2015","4.0","6.57","46","pro 1000 Einw."
"224","Pfungen","2016","8.8","6.57","46","pro 1000 Einw."
"225","Rickenbach","2010","4.4","3.47","24.3","pro 1000 Einw."
"225","Rickenbach","2011","2.0","3.47","24.3","pro 1000 Einw."
"225","Rickenbach","2012","5.1","3.47","24.3","pro 1000 Einw."
"225","Rickenbach","2013","3.2","3.47","24.3","pro 1000 Einw."
"225","Rickenbach","2014","2.7","3.47","24.3","pro 1000 Einw."
"225","Rickenbach","2015","3.5","3.47","24.3","pro 1000 Einw."
"225","Rickenbach","2016","3.4","3.47","24.3","pro 1000 Einw."
"226","Schlatt","2010","6.8","9.09","63.6","pro 1000 Einw."
"226","Schlatt","2011","9.5","9.09","63.6","pro 1000 Einw."
"226","Schlatt","2012","10.8","9.09","63.6","pro 1000 Einw."
"226","Schlatt","2013","5.5","9.09","63.6","pro 1000 Einw."
"226","Schlatt","2014","13.3","9.09","63.6","pro 1000 Einw."
"226","Schlatt","2015","10.9","9.09","63.6","pro 1000 Einw."
"226","Schlatt","2016","6.8","9.09","63.6","pro 1000 Einw."
"227","Seuzach","2010","20.1","13.17","92.2","pro 1000 Einw."
"227","Seuzach","2011","11.9","13.17","92.2","pro 1000 Einw."
"227","Seuzach","2012","9.7","13.17","92.2","pro 1000 Einw."
"227","Seuzach","2013","12.2","13.17","92.2","pro 1000 Einw."
"227","Seuzach","2014","12.9","13.17","92.2","pro 1000 Einw."
"227","Seuzach","2015","13.1","13.17","92.2","pro 1000 Einw."
"227","Seuzach","2016","12.3","13.17","92.2","pro 1000 Einw."
"228","Turbenthal","2010","7.9","7.21","50.5","pro 1000 Einw."
"228","Turbenthal","2011","8.0","7.21","50.5","pro 1000 Einw."
"228","Turbenthal","2012","7.4","7.21","50.5","pro 1000 Einw."
"228","Turbenthal","2013","6.5","7.21","50.5","pro 1000 Einw."
"228","Turbenthal","2014","5.6","7.21","50.5","pro 1000 Einw."
"228","Turbenthal","2015","7.2","7.21","50.5","pro 1000 Einw."
"228","Turbenthal","2016","7.9","7.21","50.5","pro 1000 Einw."
"229","Wiesendangen (bis 2013)","2010","22.5","16.72","66.9","pro 1000 Einw."
"229","Wiesendangen (bis 2013)","2011","18.1","16.72","66.9","pro 1000 Einw."
"229","Wiesendangen (bis 2013)","2012","11.0","16.72","66.9","pro 1000 Einw."
"229","Wiesendangen (bis 2013)","2013","15.3","16.72","66.9","pro 1000 Einw."
"230","Winterthur","2010","13.6","12.51","87.6","pro 1000 Einw."
"230","Winterthur","2011","13.1","12.51","87.6","pro 1000 Einw."
"230","Winterthur","2012","12.6","12.51","87.6","pro 1000 Einw."
"230","Winterthur","2013","12.2","12.51","87.6","pro 1000 Einw."
"230","Winterthur","2014","11.6","12.51","87.6","pro 1000 Einw."
"230","Winterthur","2015","11.7","12.51","87.6","pro 1000 Einw."
"230","Winterthur","2016","12.8","12.51","87.6","pro 1000 Einw."
"231","Zell","2010","9.5","6.94","48.6","pro 1000 Einw."
"231","Zell","2011","5.2","6.94","48.6","pro 1000 Einw."
"231","Zell","2012","9.3","6.94","48.6","pro 1000 Einw."
"231","Zell","2013","6.2","6.94","48.6","pro 1000 Einw."
"231","Zell","2014","6.7","6.94","48.6","pro 1000 Einw."
"231","Zell","2015","5.8","6.94","48.6","pro 1000 Einw."
"231","Zell","2016","5.9","6.94","48.6","pro 1000 Einw."
"241","Aesch ZH","2010","7.7","9.41","65.9","pro 1000 Einw."
"241","Aesch ZH","2011","11.1","9.41","65.9","pro 1000 Einw."
"241","Aesch ZH","2012","6.0","9.41","65.9","pro 1000 Einw."
"241","Aesch ZH","2013","10.1","9.41","65.9","pro 1000 Einw."
"241","Aesch ZH","2014","5.1","9.41","65.9","pro 1000 Einw."
"241","Aesch ZH","2015","12.5","9.41","65.9","pro 1000 Einw."
"241","Aesch ZH","2016","13.4","9.41","65.9","pro 1000 Einw."
"242","Birmensdorf","2010","19.2","18.79","131.5","pro 1000 Einw."
"242","Birmensdorf","2011","15.5","18.79","131.5","pro 1000 Einw."
"242","Birmensdorf","2012","16.0","18.79","131.5","pro 1000 Einw."
"242","Birmensdorf","2013","21.5","18.79","131.5","pro 1000 Einw."
"242","Birmensdorf","2014","19.5","18.79","131.5","pro 1000 Einw."
"242","Birmensdorf","2015","18.4","18.79","131.5","pro 1000 Einw."
"242","Birmensdorf","2016","21.4","18.79","131.5","pro 1000 Einw."
"243","Dietikon","2010","11.7","9.63","67.4","pro 1000 Einw."
"243","Dietikon","2011","9.3","9.63","67.4","pro 1000 Einw."
"243","Dietikon","2012","9.4","9.63","67.4","pro 1000 Einw."
"243","Dietikon","2013","9.0","9.63","67.4","pro 1000 Einw."
"243","Dietikon","2014","8.0","9.63","67.4","pro 1000 Einw."
"243","Dietikon","2015","10.0","9.63","67.4","pro 1000 Einw."
"243","Dietikon","2016","10.0","9.63","67.4","pro 1000 Einw."
"244","Geroldswil","2010","11.2","9.24","64.7","pro 1000 Einw."
"244","Geroldswil","2011","7.9","9.24","64.7","pro 1000 Einw."
"244","Geroldswil","2012","7.6","9.24","64.7","pro 1000 Einw."
"244","Geroldswil","2013","12.4","9.24","64.7","pro 1000 Einw."
"244","Geroldswil","2014","8.9","9.24","64.7","pro 1000 Einw."
"244","Geroldswil","2015","8.6","9.24","64.7","pro 1000 Einw."
"244","Geroldswil","2016","8.1","9.24","64.7","pro 1000 Einw."
"245","Oberengstringen","2010","8.5","6.23","43.6","pro 1000 Einw."
"245","Oberengstringen","2011","5.5","6.23","43.6","pro 1000 Einw."
"245","Oberengstringen","2012","5.2","6.23","43.6","pro 1000 Einw."
"245","Oberengstringen","2013","6.1","6.23","43.6","pro 1000 Einw."
"245","Oberengstringen","2014","6.4","6.23","43.6","pro 1000 Einw."
"245","Oberengstringen","2015","5.0","6.23","43.6","pro 1000 Einw."
"245","Oberengstringen","2016","6.9","6.23","43.6","pro 1000 Einw."
"246","Oetwil a.d.L.","2010","4.4","6.9","48.3","pro 1000 Einw."
"246","Oetwil a.d.L.","2011","5.6","6.9","48.3","pro 1000 Einw."
"246","Oetwil a.d.L.","2012","9.5","6.9","48.3","pro 1000 Einw."
"246","Oetwil a.d.L.","2013","15.3","6.9","48.3","pro 1000 Einw."
"246","Oetwil a.d.L.","2014","3.9","6.9","48.3","pro 1000 Einw."
"246","Oetwil a.d.L.","2015","5.5","6.9","48.3","pro 1000 Einw."
"246","Oetwil a.d.L.","2016","4.1","6.9","48.3","pro 1000 Einw."
"247","Schlieren","2010","7.8","8.09","56.6","pro 1000 Einw."
"247","Schlieren","2011","7.2","8.09","56.6","pro 1000 Einw."
"247","Schlieren","2012","8.9","8.09","56.6","pro 1000 Einw."
"247","Schlieren","2013","8.8","8.09","56.6","pro 1000 Einw."
"247","Schlieren","2014","8.1","8.09","56.6","pro 1000 Einw."
"247","Schlieren","2015","7.4","8.09","56.6","pro 1000 Einw."
"247","Schlieren","2016","8.4","8.09","56.6","pro 1000 Einw."
"248","Uitikon","2010","4.6","4.41","30.9","pro 1000 Einw."
"248","Uitikon","2011","4.1","4.41","30.9","pro 1000 Einw."
"248","Uitikon","2012","3.8","4.41","30.9","pro 1000 Einw."
"248","Uitikon","2013","5.1","4.41","30.9","pro 1000 Einw."
"248","Uitikon","2014","5.8","4.41","30.9","pro 1000 Einw."
"248","Uitikon","2015","3.4","4.41","30.9","pro 1000 Einw."
"248","Uitikon","2016","4.1","4.41","30.9","pro 1000 Einw."
"249","Unterengstringen","2010","20.8","17.9","125.3","pro 1000 Einw."
"249","Unterengstringen","2011","16.7","17.9","125.3","pro 1000 Einw."
"249","Unterengstringen","2012","16.5","17.9","125.3","pro 1000 Einw."
"249","Unterengstringen","2013","18.3","17.9","125.3","pro 1000 Einw."
"249","Unterengstringen","2014","21.3","17.9","125.3","pro 1000 Einw."
"249","Unterengstringen","2015","13.0","17.9","125.3","pro 1000 Einw."
"249","Unterengstringen","2016","18.7","17.9","125.3","pro 1000 Einw."
"250","Urdorf","2010","11.9","12.43","87","pro 1000 Einw."
"250","Urdorf","2011","11.1","12.43","87","pro 1000 Einw."
"250","Urdorf","2012","13.2","12.43","87","pro 1000 Einw."
"250","Urdorf","2013","11.7","12.43","87","pro 1000 Einw."
"250","Urdorf","2014","12.1","12.43","87","pro 1000 Einw."
"250","Urdorf","2015","11.6","12.43","87","pro 1000 Einw."
"250","Urdorf","2016","15.4","12.43","87","pro 1000 Einw."
"251","Weiningen","2010","41.6","44.06","308.4","pro 1000 Einw."
"251","Weiningen","2011","46.0","44.06","308.4","pro 1000 Einw."
"251","Weiningen","2012","40.2","44.06","308.4","pro 1000 Einw."
"251","Weiningen","2013","45.4","44.06","308.4","pro 1000 Einw."
"251","Weiningen","2014","45.4","44.06","308.4","pro 1000 Einw."
"251","Weiningen","2015","35.0","44.06","308.4","pro 1000 Einw."
"251","Weiningen","2016","54.8","44.06","308.4","pro 1000 Einw."
"261","Zürich","2010","10.3","10.64","74.5","pro 1000 Einw."
"261","Zürich","2011","9.7","10.64","74.5","pro 1000 Einw."
"261","Zürich","2012","9.3","10.64","74.5","pro 1000 Einw."
"261","Zürich","2013","9.5","10.64","74.5","pro 1000 Einw."
"261","Zürich","2014","9.1","10.64","74.5","pro 1000 Einw."
"261","Zürich","2015","12.1","10.64","74.5","pro 1000 Einw."
"261","Zürich","2016","14.5","10.64","74.5","pro 1000 Einw."
"296","Illnau-Effretikon","2010","11.9","9.11","63.8","pro 1000 Einw."
"296","Illnau-Effretikon","2011","7.6","9.11","63.8","pro 1000 Einw."
"296","Illnau-Effretikon","2012","10.8","9.11","63.8","pro 1000 Einw."
"296","Illnau-Effretikon","2013","8.3","9.11","63.8","pro 1000 Einw."
"296","Illnau-Effretikon","2014","8.2","9.11","63.8","pro 1000 Einw."
"296","Illnau-Effretikon","2015","8.2","9.11","63.8","pro 1000 Einw."
"296","Illnau-Effretikon","2016","8.8","9.11","63.8","pro 1000 Einw."
"297","Bauma","2010","6.6","7.13","49.9","pro 1000 Einw."
"297","Bauma","2011","5.3","7.13","49.9","pro 1000 Einw."
"297","Bauma","2012","7.9","7.13","49.9","pro 1000 Einw."
"297","Bauma","2013","8.0","7.13","49.9","pro 1000 Einw."
"297","Bauma","2014","8.5","7.13","49.9","pro 1000 Einw."
"297","Bauma","2015","5.6","7.13","49.9","pro 1000 Einw."
"297","Bauma","2016","8.0","7.13","49.9","pro 1000 Einw."
"298","Wiesendangen","2010","28.7","17.97","125.8","pro 1000 Einw."
"298","Wiesendangen","2011","22.3","17.97","125.8","pro 1000 Einw."
"298","Wiesendangen","2012","13.1","17.97","125.8","pro 1000 Einw."
"298","Wiesendangen","2013","17.7","17.97","125.8","pro 1000 Einw."
"298","Wiesendangen","2014","15.7","17.97","125.8","pro 1000 Einw."
"298","Wiesendangen","2015","13.5","17.97","125.8","pro 1000 Einw."
"298","Wiesendangen","2016","14.8","17.97","125.8","pro 1000 Einw."
"0","Bezirk Affoltern","2010","8.1","7.29","51","pro 1000 Einw."
"0","Bezirk Affoltern","2011","7.6","7.29","51","pro 1000 Einw."
"0","Bezirk Affoltern","2012","7.1","7.29","51","pro 1000 Einw."
"0","Bezirk Affoltern","2013","7.0","7.29","51","pro 1000 Einw."
"0","Bezirk Affoltern","2014","6.8","7.29","51","pro 1000 Einw."
"0","Bezirk Affoltern","2015","7.2","7.29","51","pro 1000 Einw."
"0","Bezirk Affoltern","2016","7.2","7.29","51","pro 1000 Einw."
"0","Bezirk Andelfingen","2010","9.4","8.09","56.6","pro 1000 Einw."
"0","Bezirk Andelfingen","2011","8.0","8.09","56.6","pro 1000 Einw."
"0","Bezirk Andelfingen","2012","7.5","8.09","56.6","pro 1000 Einw."
"0","Bezirk Andelfingen","2013","7.5","8.09","56.6","pro 1000 Einw."
"0","Bezirk Andelfingen","2014","6.9","8.09","56.6","pro 1000 Einw."
"0","Bezirk Andelfingen","2015","8.4","8.09","56.6","pro 1000 Einw."
"0","Bezirk Andelfingen","2016","8.9","8.09","56.6","pro 1000 Einw."
"0","Bezirk Bülach","2010","12.9","12.61","88.3","pro 1000 Einw."
"0","Bezirk Bülach","2011","12.2","12.61","88.3","pro 1000 Einw."
"0","Bezirk Bülach","2012","12.6","12.61","88.3","pro 1000 Einw."
"0","Bezirk Bülach","2013","12.8","12.61","88.3","pro 1000 Einw."
"0","Bezirk Bülach","2014","12.5","12.61","88.3","pro 1000 Einw."
"0","Bezirk Bülach","2015","12.2","12.61","88.3","pro 1000 Einw."
"0","Bezirk Bülach","2016","13.1","12.61","88.3","pro 1000 Einw."
"0","Bezirk Dielsdorf","2010","11.1","10.26","71.8","pro 1000 Einw."
"0","Bezirk Dielsdorf","2011","9.8","10.26","71.8","pro 1000 Einw."
"0","Bezirk Dielsdorf","2012","9.9","10.26","71.8","pro 1000 Einw."
"0","Bezirk Dielsdorf","2013","9.8","10.26","71.8","pro 1000 Einw."
"0","Bezirk Dielsdorf","2014","10.7","10.26","71.8","pro 1000 Einw."
"0","Bezirk Dielsdorf","2015","10.1","10.26","71.8","pro 1000 Einw."
"0","Bezirk Dielsdorf","2016","10.4","10.26","71.8","pro 1000 Einw."
"0","Bezirk Dietikon","2010","12.5","11.79","82.5","pro 1000 Einw."
"0","Bezirk Dietikon","2011","11.0","11.79","82.5","pro 1000 Einw."
"0","Bezirk Dietikon","2012","11.3","11.79","82.5","pro 1000 Einw."
"0","Bezirk Dietikon","2013","12.4","11.79","82.5","pro 1000 Einw."
"0","Bezirk Dietikon","2014","11.4","11.79","82.5","pro 1000 Einw."
"0","Bezirk Dietikon","2015","10.8","11.79","82.5","pro 1000 Einw."
"0","Bezirk Dietikon","2016","13.1","11.79","82.5","pro 1000 Einw."
"0","Bezirk Hinwil","2010","8.6","8.03","56.2","pro 1000 Einw."
"0","Bezirk Hinwil","2011","7.8","8.03","56.2","pro 1000 Einw."
"0","Bezirk Hinwil","2012","7.9","8.03","56.2","pro 1000 Einw."
"0","Bezirk Hinwil","2013","8.0","8.03","56.2","pro 1000 Einw."
"0","Bezirk Hinwil","2014","7.5","8.03","56.2","pro 1000 Einw."
"0","Bezirk Hinwil","2015","8.2","8.03","56.2","pro 1000 Einw."
"0","Bezirk Hinwil","2016","8.2","8.03","56.2","pro 1000 Einw."
"0","Bezirk Horgen","2010","8.1","7.7","53.9","pro 1000 Einw."
"0","Bezirk Horgen","2011","8.1","7.7","53.9","pro 1000 Einw."
"0","Bezirk Horgen","2012","8.0","7.7","53.9","pro 1000 Einw."
"0","Bezirk Horgen","2013","7.8","7.7","53.9","pro 1000 Einw."
"0","Bezirk Horgen","2014","7.6","7.7","53.9","pro 1000 Einw."
"0","Bezirk Horgen","2015","6.9","7.7","53.9","pro 1000 Einw."
"0","Bezirk Horgen","2016","7.4","7.7","53.9","pro 1000 Einw."
"0","Bezirk Meilen","2010","5.6","5.69","39.8","pro 1000 Einw."
"0","Bezirk Meilen","2011","6.0","5.69","39.8","pro 1000 Einw."
"0","Bezirk Meilen","2012","6.7","5.69","39.8","pro 1000 Einw."
"0","Bezirk Meilen","2013","5.6","5.69","39.8","pro 1000 Einw."
"0","Bezirk Meilen","2014","5.3","5.69","39.8","pro 1000 Einw."
"0","Bezirk Meilen","2015","5.4","5.69","39.8","pro 1000 Einw."
"0","Bezirk Meilen","2016","5.2","5.69","39.8","pro 1000 Einw."
"0","Bezirk Pfäffikon","2010","10.0","8.67","60.7","pro 1000 Einw."
"0","Bezirk Pfäffikon","2011","8.2","8.67","60.7","pro 1000 Einw."
"0","Bezirk Pfäffikon","2012","9.1","8.67","60.7","pro 1000 Einw."
"0","Bezirk Pfäffikon","2013","8.7","8.67","60.7","pro 1000 Einw."
"0","Bezirk Pfäffikon","2014","8.3","8.67","60.7","pro 1000 Einw."
"0","Bezirk Pfäffikon","2015","8.2","8.67","60.7","pro 1000 Einw."
"0","Bezirk Pfäffikon","2016","8.2","8.67","60.7","pro 1000 Einw."
"0","Bezirk Uster","2010","9.5","8.69","60.8","pro 1000 Einw."
"0","Bezirk Uster","2011","9.1","8.69","60.8","pro 1000 Einw."
"0","Bezirk Uster","2012","9.0","8.69","60.8","pro 1000 Einw."
"0","Bezirk Uster","2013","8.2","8.69","60.8","pro 1000 Einw."
"0","Bezirk Uster","2014","7.9","8.69","60.8","pro 1000 Einw."
"0","Bezirk Uster","2015","8.3","8.69","60.8","pro 1000 Einw."
"0","Bezirk Uster","2016","8.8","8.69","60.8","pro 1000 Einw."
"0","Bezirk Winterthur","2010","12.8","11.2","78.4","pro 1000 Einw."
"0","Bezirk Winterthur","2011","11.7","11.2","78.4","pro 1000 Einw."
"0","Bezirk Winterthur","2012","11.1","11.2","78.4","pro 1000 Einw."
"0","Bezirk Winterthur","2013","10.8","11.2","78.4","pro 1000 Einw."
"0","Bezirk Winterthur","2014","10.3","11.2","78.4","pro 1000 Einw."
"0","Bezirk Winterthur","2015","10.3","11.2","78.4","pro 1000 Einw."
"0","Bezirk Winterthur","2016","11.4","11.2","78.4","pro 1000 Einw."
"0","Bezirk Zürich","2010","10.3","10.64","74.5","pro 1000 Einw."
"0","Bezirk Zürich","2011","9.7","10.64","74.5","pro 1000 Einw."
"0","Bezirk Zürich","2012","9.3","10.64","74.5","pro 1000 Einw."
"0","Bezirk Zürich","2013","9.5","10.64","74.5","pro 1000 Einw."
"0","Bezirk Zürich","2014","9.1","10.64","74.5","pro 1000 Einw."
"0","Bezirk Zürich","2015","12.1","10.64","74.5","pro 1000 Einw."
"0","Bezirk Zürich","2016","14.5","10.64","74.5","pro 1000 Einw."
"0","Region Furttal","2010","13.4","12.77","89.4","pro 1000 Einw."
"0","Region Furttal","2011","13.2","12.77","89.4","pro 1000 Einw."
"0","Region Furttal","2012","12.8","12.77","89.4","pro 1000 Einw."
"0","Region Furttal","2013","12.8","12.77","89.4","pro 1000 Einw."
"0","Region Furttal","2014","12.6","12.77","89.4","pro 1000 Einw."
"0","Region Furttal","2015","12.8","12.77","89.4","pro 1000 Einw."
"0","Region Furttal","2016","11.8","12.77","89.4","pro 1000 Einw."
"0","Region Glattal","2010","13.7","13","91","pro 1000 Einw."
"0","Region Glattal","2011","13.1","13","91","pro 1000 Einw."
"0","Region Glattal","2012","13.1","13","91","pro 1000 Einw."
"0","Region Glattal","2013","12.9","13","91","pro 1000 Einw."
"0","Region Glattal","2014","12.7","13","91","pro 1000 Einw."
"0","Region Glattal","2015","12.1","13","91","pro 1000 Einw."
"0","Region Glattal","2016","13.4","13","91","pro 1000 Einw."
"0","Region Knonaueramt","2010","8.1","7.29","51","pro 1000 Einw."
"0","Region Knonaueramt","2011","7.6","7.29","51","pro 1000 Einw."
"0","Region Knonaueramt","2012","7.1","7.29","51","pro 1000 Einw."
"0","Region Knonaueramt","2013","7.0","7.29","51","pro 1000 Einw."
"0","Region Knonaueramt","2014","6.8","7.29","51","pro 1000 Einw."
"0","Region Knonaueramt","2015","7.2","7.29","51","pro 1000 Einw."
"0","Region Knonaueramt","2016","7.2","7.29","51","pro 1000 Einw."
"0","Region Limmattal","2010","12.5","11.79","82.5","pro 1000 Einw."
"0","Region Limmattal","2011","11.0","11.79","82.5","pro 1000 Einw."
"0","Region Limmattal","2012","11.3","11.79","82.5","pro 1000 Einw."
"0","Region Limmattal","2013","12.4","11.79","82.5","pro 1000 Einw."
"0","Region Limmattal","2014","11.4","11.79","82.5","pro 1000 Einw."
"0","Region Limmattal","2015","10.8","11.79","82.5","pro 1000 Einw."
"0","Region Limmattal","2016","13.1","11.79","82.5","pro 1000 Einw."
"0","Region Oberland","2010","8.2","7.71","54","pro 1000 Einw."
"0","Region Oberland","2011","7.8","7.71","54","pro 1000 Einw."
"0","Region Oberland","2012","7.5","7.71","54","pro 1000 Einw."
"0","Region Oberland","2013","7.5","7.71","54","pro 1000 Einw."
"0","Region Oberland","2014","7.3","7.71","54","pro 1000 Einw."
"0","Region Oberland","2015","7.8","7.71","54","pro 1000 Einw."
"0","Region Oberland","2016","7.9","7.71","54","pro 1000 Einw."
"0","Region Pfannenstiel","2010","5.8","5.87","41.1","pro 1000 Einw."
"0","Region Pfannenstiel","2011","6.1","5.87","41.1","pro 1000 Einw."
"0","Region Pfannenstiel","2012","6.8","5.87","41.1","pro 1000 Einw."
"0","Region Pfannenstiel","2013","5.6","5.87","41.1","pro 1000 Einw."
"0","Region Pfannenstiel","2014","5.6","5.87","41.1","pro 1000 Einw."
"0","Region Pfannenstiel","2015","5.7","5.87","41.1","pro 1000 Einw."
"0","Region Pfannenstiel","2016","5.5","5.87","41.1","pro 1000 Einw."
"0","Region Unterland","2010","8.2","7.56","52.9","pro 1000 Einw."
"0","Region Unterland","2011","6.7","7.56","52.9","pro 1000 Einw."
"0","Region Unterland","2012","7.5","7.56","52.9","pro 1000 Einw."
"0","Region Unterland","2013","7.4","7.56","52.9","pro 1000 Einw."
"0","Region Unterland","2014","7.5","7.56","52.9","pro 1000 Einw."
"0","Region Unterland","2015","7.7","7.56","52.9","pro 1000 Einw."
"0","Region Unterland","2016","7.9","7.56","52.9","pro 1000 Einw."
"0","Region Weinland","2010","9.4","8.09","56.6","pro 1000 Einw."
"0","Region Weinland","2011","8.0","8.09","56.6","pro 1000 Einw."
"0","Region Weinland","2012","7.5","8.09","56.6","pro 1000 Einw."
"0","Region Weinland","2013","7.5","8.09","56.6","pro 1000 Einw."
"0","Region Weinland","2014","6.9","8.09","56.6","pro 1000 Einw."
"0","Region Weinland","2015","8.4","8.09","56.6","pro 1000 Einw."
"0","Region Weinland","2016","8.9","8.09","56.6","pro 1000 Einw."
"0","Region Winterthur u. Umg.","2010","13.0","11.2","78.4","pro 1000 Einw."
"0","Region Winterthur u. Umg.","2011","11.4","11.2","78.4","pro 1000 Einw."
"0","Region Winterthur u. Umg.","2012","11.3","11.2","78.4","pro 1000 Einw."
"0","Region Winterthur u. Umg.","2013","10.8","11.2","78.4","pro 1000 Einw."
"0","Region Winterthur u. Umg.","2014","10.3","11.2","78.4","pro 1000 Einw."
"0","Region Winterthur u. Umg.","2015","10.3","11.2","78.4","pro 1000 Einw."
"0","Region Winterthur u. Umg.","2016","11.3","11.2","78.4","pro 1000 Einw."
"0","Region Zimmerberg","2010","8.1","7.7","53.9","pro 1000 Einw."
"0","Region Zimmerberg","2011","8.1","7.7","53.9","pro 1000 Einw."
"0","Region Zimmerberg","2012","8.0","7.7","53.9","pro 1000 Einw."
"0","Region Zimmerberg","2013","7.8","7.7","53.9","pro 1000 Einw."
"0","Region Zimmerberg","2014","7.6","7.7","53.9","pro 1000 Einw."
"0","Region Zimmerberg","2015","6.9","7.7","53.9","pro 1000 Einw."
"0","Region Zimmerberg","2016","7.4","7.7","53.9","pro 1000 Einw."
"0","Region Zürich","2010","10.3","10.64","74.5","pro 1000 Einw."
"0","Region Zürich","2011","9.7","10.64","74.5","pro 1000 Einw."
"0","Region Zürich","2012","9.3","10.64","74.5","pro 1000 Einw."
"0","Region Zürich","2013","9.5","10.64","74.5","pro 1000 Einw."
"0","Region Zürich","2014","9.1","10.64","74.5","pro 1000 Einw."
"0","Region Zürich","2015","12.1","10.64","74.5","pro 1000 Einw."
"0","Region Zürich","2016","14.5","10.64","74.5","pro 1000 Einw."
"0","Zürich - ganzer Kanton","2010","10.2","9.76","68.3","pro 1000 Einw."
"0","Zürich - ganzer Kanton","2011","9.5","9.76","68.3","pro 1000 Einw."
"0","Zürich - ganzer Kanton","2012","9.4","9.76","68.3","pro 1000 Einw."
"0","Zürich - ganzer Kanton","2013","9.4","9.76","68.3","pro 1000 Einw."
"0","Zürich - ganzer Kanton","2014","9.1","9.76","68.3","pro 1000 Einw."
"0","Zürich - ganzer Kanton","2015","9.8","9.76","68.3","pro 1000 Einw."
"0","Zürich - ganzer Kanton","2016","10.9","9.76","68.3","pro 1000 Einw."
